Workbook

Sheet ReadMeFirst
A1: Auteur | B1: FC
A2: Source
A20: Sheets:
A21: Recap | C21: List of wordwhile experiments with (or without) exposed timber. Line 5: List of variable read by python to initialize compartments and write zone models (Cfast or Brisk) to be calcuated with the method
A22: Char Depth Graph | C22: Values and graphs, for each experiment of mesured char and calculated char with the method (automaticaly writed by the python program)
A23: Char mesurement | C23: Values of char mesurement in experiments from literature
A24: Char analyse | C24: Analyse of differences between char mesurements and calculations
A25: Gyps Protected | C25: Biblio on gyps protection
A28: Path of python program (PC Charm Community project): | F28: Espace partagé thèse FC (C:\Users\Francois.CONSIGNY\CSTBGroup\DSSF_Projet_These_Francois_Consigny - Documents) | Q28: 45545 | R28: \Calculs Feu\Programmes\python\Contribution_old\\Contribution_Brisk1
Q29: 45583 | R29: \Calculs Feu\Programmes\python\Contribution_old\\Contribution_Brisk2
D30: /!\ Warning if you run the python program verify the path used for program & models files according to your machine in the file Environnementxxxx.py: var BriskPath CurPath | Q30: 45604 | R30: \Calculs Feu\Programmes\python\Contribution_old\\Contribution_Brisk3
R31: \Calculs Feu\Programmes\python\Contribution_old\\Contribution_Brisk4
A33: Versions | B33: Date | C33: Descriptions | R33: Path program
A34: "atest" | B34: 45545 | C34: First Try of run with original (LG) method implemented with Brisk | I34: Base des tests de la méthode et échanges Canada. Correction HRR Fuel suivant email L.Girompaire du 21/05/24 | R34: \Calculs Feu\Programmes\python\Contribution_Brisk1\old\main.py -> \Calculs Feu\Programmes\python\Contribution_Brisk4\project\main_Contrib_brisk1.py
B35: 45581 | C35: Implementation of floor contribution and flag wood totaly consumed
B36: 45582 | C36: Add sheet Char Analyse and Variable HrrPUA in sheet Recap (column W)
A37: 241028 Recap Experiment_these | B37: 45593 | C37: Add sheet ReadMe First; Modif with Gyps fall-off Time | R37: \Calculs Feu\Programmes\python\Contribution_Brisk2\old\main5.py -> \Calculs Feu\Programmes\python\Contribution_Brisk4\project\main_Contrib_brisk2.py
C38: Modif of wood contribution law with material or recap (variables wd, cd, fd) density in place of default value (500kg/m3); Add sheet ReadMe First; Modif with Gyps fall-off Time
C39: Modif with adding Gyps fall-off Time
C40: Modif Excel with stat on Char analyse + comments on models prediction fails /succes
A41: 241108 Recap Experiment_these | B41: 45604 | C41: Modif of wood contribution law from Brisk Flux instead of Gas temperature (original method from LG/CD) | R41: \Calculs Feu\Programmes\python\Contribution_Brisk3\old\main6.py -> \Calculs Feu\Programmes\python\Contribution_Brisk4\project\main_Contrib_brisk3.py
C42: Modif of files name & directories in Pycharm project Contrib_brisk4 version: | R42: \Calculs Feu\Programmes\python\Contribution_Brisk4\project\main_Contrib_brisk4.py
D43: with x=4 pycharm project in Contrib_briskx directory main program = main_Contrib_briskx.py and called files Environmentx.py Briskcalx.py and Files_utilsx.py
D44: same names for all projects in \Calculs Feu\Programmes\python\Contribution_Briskx
D45: each directory \Contribution_Briskx organised with:
E46: \Models : Models generated and calculated with main_Contrib_briskx.py
E47: \projects : python files (main_Contrib_briskx.py…) & Pycharm project
E48: \old : old version of python files (mainy.py….) and models generated
C49: Modif of wood contribution law: from MLR / charring rate instead of external flux / charring rate (original method from LG/CD) see file \calculs Feu\241110_predictive_Timber_charing_Qcstb versus Qtemp_Qflux.xlsx
A50: various | B50: 2025 | C50: programm optimization & improvments | R50: \Calculs Feu\Programmes\python\Contribution_Bois_Brisk_fin\Project\main_Contrib_Brisk.py
C51: (WCTE & Interflam versions)
A52: 260102 Recap Experiment_these.xlsx | B52: 46054 | C52: Final version | R52: \Calculs Feu\Programmes\python\Contribution_Bois_Brisk\main_Contrib_Brisk.py
C53: adding Sheets :
D54: Char Comparaison x | G54: Graphs for papers and thesis manuscript
D55: Gyps protection | G55: Values, for each experiment of protection caracteristics and results of fall-off time and required thickness calculated with the method (automaticaly writed by the python program)
D56: Flux results | G56: Values, for each experiment of measured outside Flux and those calculated with the method (automaticaly writed by the python program)
D57: Heat of combustion | G57: Hc of fire from eperiment reports
C58: Integration of protected wood contribution, and exterior flux calculation

Sheet Recap
A3: Nomenclature | E3: Experimental Data (Input) | Z3: Experimental Data (Results) | BW3: Main findings / Conclusions | CB3: Compartment | CQ3: materials | EY3: openings (vents)
E4: Fire | H4: Area | J4: Exposed timber | T4: Sprinkler | W4: openings (vents) | Z4: Fire | AL4: Temperature | AM4: Event times | AY4: Wall char | BC4: Ceiling char | BG4: Floor char | BJ4: Beam char | BN4: Column char | BR4: Exterior Flux | CB4: Room geometry (interior dimensions) | CF4: Calculation | CK4: Ambient conditions | CQ4: Exposed Wood | CR4: Wall materials | CX4: Wood Wall caract. | DD4: Ceiling materials | DJ4: Wood Ceiling caract. | DQ4: Floor materials | DW4: Wood Floor caract. | EC4: Wood Beams | EN4: Wood Columns | EY4: Wall vents | EZ4: Wall vent 1 (i=1) | FH4: Wall vent (i=2) | FP4: Wall vent (i=3) | FX4: Wall vent (i=4) | GF4: Wall vent (i=5) | GN4: Wall vent (i=6) | GV4: Wall vent (i=7) | HD4: Wall vent (i=8) | HL4: Wall vent (i=9) | HT4: Wall vent (i=10) | IB4: Wall vent (i=11)
A5: Inst | B5: Aut | C5: Tnum | D5: Ref | E5: Fd | F5: Ft | G5: Hc | H5: Af | I5: At(b) | J5: Aexp/At | K5: Elem exposed | L5: Aexp/Aw | M5: Aexp/Aw-o | N5: Aexp/Af | O5: Wexposed/Awall | P5: Cexposed/Aceiling | Q5: Fexposed/Afloor | R5: Bexposed/Sbeam | S5: Coexposed/Scolomun | T5: n_sprinkler | U5: tsprinkler | V5: closed | W5: hv | X5: Av | Y5: O(b) | Z5: hrrtot_peak | AA5: hrrfuel_peak | AB5: hrrtimb_peak | AC5: HrrPUA | AD5: talpha | AE5: hrrfuel | AF5: hrrtimb | AG5: xfire | AH5: yfire | AI5: hfire | AJ5: tfire | AK5: mloss | AL5: Troom | AM5: dexp | AN5: fb_time | AO5: t_gyps_fo | AP5: t_wall_gyps_fo | AQ5: t_ceiling_gyps_fo | AR5: S_t_prot_wall | AS5: S_t_prot_ceiling | AT5: t_f_pr_wall | AU5: t_f_pr_ceiling | AV5: tdelam | AW5: Extinction | AX5: tchar_fin | AY5: Wchar_mean | AZ5: Wchar_min | BA5: Wchar_max | BB5: Wchar_speed | BC5: Cchar_mean | BD5: Cchar_min | BE5: Cchar_max | BF5: Cchar_speed | BG5: Fchar_mean | BH5: Fchar_min | BI5: Fchar_max | BJ5: Bchar_mean | BK5: Bchar_min | BL5: Bchar_max | BM5: Bchar_speed | BN5: Cochar_mean | BO5: Cochar_min | BP5: Cochar_max | BQ5: Bchar_speed | BR5: F_dist | BS5: F_wall | BT5: F_mode | BU5: T_ext | BV5: F_ext | CB5: Lr | CC5: Wr | CD5: Hr | CE5: C0 | CF5: tstep | CG5: ercontrol | CH5: ervent | CI5: interval | CJ5: scond | CK5: Zalt | CL5: Patm | CM5: Vwind | CN5: Wdir | CO5: Hamb | CP5: Tamb | CQ5: Aexp | CR5: Wl_mat | CS5: Wl_thick | CT5: Ws1_mat | CU5: Ws1_thick | CV5: Ws2_mat | CW5: Ws2_thick | CX5: Ww_t | CY5: Clw | CZ5: Huw | DA5: dw | DB5: Aw_wall | DC5: Wexposed | DD5: Cl_mat | DE5: Cl_thick | DF5: Cs1_mat | DG5: Cs1_thick | DH5: Cs2_mat | DI5: Cs2_thick | DJ5: Wc_t | DK5: Clc | DL5: Huc | DM5: dc | DN5: hc | DO5: Aw_ceiling | DP5: Cexposed | DQ5: Fl_mat | DR5: Fl_thick | DS5: Fs1_mat | DT5: Fs1_thick | DU5: Fs2_mat | DV5: Fs2_thick | DW5: Wf_t | DX5: Clf | DY5: Huf | DZ5: df | EA5: Aw_floor | EB5: Fexposed | EC5: Nb | ED5: Wb_t | EE5: Clb | EF5: Hub | EG5: db | EH5: lb_tot | EI5: wb | EJ5: hb | EK5: hb_exposed | EL5: Bface_exposed | EM5: Bexposed | EN5: Nco | EO5: Wco_t | EP5: Clco | EQ5: Huco | ER5: dco | ES5: lco_tot | ET5: wco | EU5: hco | EV5: hco_exposed | EW5: Coface_exposed | EX5: Coexposed | EY5: Nv | EZ5: wv1 | FA5: hv1 | FB5: sv1 | FC5: o_hv1 | FD5: Av1 | FE5: Nv1 | FF5: dv1 | FG5: Fv1 | FH5: wv2 | FI5: hv2 | FJ5: sv2 | FK5: o_hv2 | FL5: Av2 | FM5: Nv2 | FN5: dv2 | FO5: Fv2 | FP5: wv3 | FQ5: hv3 | FR5: sv3 | FS5: o_hv3 | FT5: Av3 | FU5: Nv3 | FV5: dv3 | FW5: Fv3 | FX5: wv4 | FY5: hv4 | FZ5: sv4 | GA5: o_hv4 | GB5: Av4 | GC5: Nv4 | GD5: dv4 | GE5: Fv4 | GF5: wv5 | GG5: hv5 | GH5: sv5 | GI5: o_hv5 | GJ5: Av5 | GK5: Nv5 | GL5: dv5 | GM5: Fv5 | GN5: wv6 | GO5: hv6 | GP5: sv6 | GQ5: o_hv6 | GR5: Av6 | GS5: Nv6 | GT5: dv6 | GU5: Fv6 | GV5: wv7 | GW5: hv7 | GX5: sv7 | GY5: o_hv7 | GZ5: Av7 | HA5: Nv7 | HB5: dv7 | HC5: Fv7 | HD5: wv8 | HE5: hv8 | HF5: sv8 | HG5: o_hv8 | HH5: Av8 | HI5: Nv8 | HJ5: dv8 | HK5: Fv8 | HL5: wv9 | HM5: hv9 | HN5: sv9 | HO5: o_hv9 | HP5: Av9 | HQ5: Nv9 | HR5: dv9 | HS5: Fv9 | HT5: wv10 | HU5: hv10 | HV5: sv10 | HW5: o_hv10 | HX5: Av10 | HY5: Nv10 | HZ5: dv10 | IA5: Fv10 | IB5: wv11 | IC5: hv11 | ID5: sv11 | IE5: o_hv11 | IF5: Av11 | IG5: Nv11 | IH5: dv11 | II5: Fv11
A6: [""] | B6: [""] | C6: [] | D6: [""] | E6: [MJ/m²] | F6: [""] | G6: [MJ/kg] | H6: [m²] | I6: [m²] | J6: % | K6: [""] | L6: % | M6: % | N6: % | O6: % | P6: % | Q6: % | R6: % | S6: % | T6: [] | U6: [mn] | V6: [Y/N] | W6: [m] | X6: [m²] | Y6: [m1/²] | Z6: [MW] | AA6: [MW] | AB6: [MW] | AC6: [kW/m²] | AD6: [s] | AE6: [path] | AF6: [path] | AG6: [m] | AH6: [m] | AI6: [m] | AJ6: [] | AK6: % | AL6: [°C] | AM6: [min] | AN6: [min] | AO6: [min; min; min] | AP6: [min] | AQ6: [min] | AR6: [min] | AS6: [min] | AT6: [min] | AU6: [min] | AV6: [min] | AW6: [Y/N] | AX6: [min] | AY6: [mm] | AZ6: [mm] | BA6: [mm] | BB6: [mm/min] | BC6: [mm] | BD6: [mm] | BE6: [mm] | BF6: [mm/min] | BG6: [mm] | BH6: [mm] | BI6: [mm] | BJ6: [mm] | BK6: [mm] | BL6: [mm] | BM6: [mm/min] | BN6: [mm] | BO6: [mm] | BP6: [mm] | BQ6: [mm/min] | BR6: [m] | BS6: [] | BT6: [] | BU6: [°C] | BV6: [kW/m²] | CB6: [m] | CC6: [m] | CD6: [m] | CE6: [m, m, m] | CF6: [sec] | CG6: [] | CH6: [] | CI6: [] | CJ6: [""] | CK6: [m] | CL6: [Pa] | CM6: [m/s] | CN6: [°] | CO6: % | CP6: [°C] | CQ6: [m²] | CR6: [""] | CS6: [mm.] | CT6: [""] | CU6: [mm.] | CV6: [""] | CW6: [mm.] | CX6: [""] | CY6: [""] | CZ6: % | DA6: [kg/m3] | DB6: [m²] | DC6: [m²] | DD6: [""] | DE6: [mm.] | DF6: [""] | DG6: [mm.] | DH6: [""] | DI6: [mm.] | DJ6: [""] | DK6: [""] | DL6: % | DM6: [kg/m3] | DN6: [MJ/kg] | DO6: [m²] | DP6: [m²] | DQ6: [""] | DR6: [mm.] | DS6: [""] | DT6: [mm.] | DU6: [""] | DV6: [mm.] | DW6: [""] | DX6: [""] | DY6: % | DZ6: [kg/m3] | EA6: [m²] | EB6: [m²] | EC6: [] | ED6: [""] | EE6: [""] | EF6: % | EG6: [kg/m3] | EH6: [m] | EI6: [m] | EJ6: [m] | EK6: [m] | EL6: [] | EM6: [m²] | EN6: [] | EO6: [""] | EP6: [""] | EQ6: % | ER6: [kg/m3] | ES6: [m] | ET6: [m] | EU6: [m] | EV6: [m] | EW6: [] | EX6: [m²] | EY6: [] | EZ6: [m] | FA6: [m] | FB6: [m] | FC6: [m] | FD6: [m²] | FE6: [] | FF6: [m] | FG6: [""] | FH6: [m] | FI6: [m] | FJ6: [m] | FK6: [m] | FL6: [m²] | FM6: [] | FN6: [m] | FO6: [""] | FP6: [m] | FQ6: [m] | FR6: [m] | FS6: [m] | FT6: [m²] | FU6: [] | FV6: [m] | FW6: [""] | FX6: [m] | FY6: [m] | FZ6: [m] | GA6: [m] | GB6: [m²] | GC6: [] | GD6: [m] | GE6: [""] | GF6: [m] | GG6: [m] | GH6: [m] | GI6: [m] | GJ6: [m²] | GK6: [] | GL6: [m] | GM6: [""] | GN6: [m] | GO6: [m] | GP6: [m] | GQ6: [m] | GR6: [m²] | GS6: [] | GT6: [m] | GU6: [""] | GV6: [m] | GW6: [m] | GX6: [m] | GY6: [m] | GZ6: [m²] | HA6: [] | HB6: [m] | HC6: [""] | HD6: [m] | HE6: [m] | HF6: [m] | HG6: [m] | HH6: [m²] | HI6: [] | HJ6: [m] | HK6: [""] | HL6: [m] | HM6: [m] | HN6: [m] | HO6: [m] | HP6: [m²] | HQ6: [] | HR6: [m] | HS6: [""] | HT6: [m] | HU6: [m] | HV6: [m] | HW6: [m] | HX6: [m²] | HY6: [] | HZ6: [m] | IA6: [""] | IB6: [m] | IC6: [m] | ID6: [m] | IE6: [m] | IF6: [m²] | IG6: [] | IH6: [m] | II6: [""]
A7: Institution | B7: Autor | C7: Test N° | D7: Reference | E7: Fire density | F7: Ignition Fuel (fuel type) | G7: Fuel heat of combustion | H7: Floor Area | I7: Comp Area (wall+Ceiling+floor) | J7: Exposed timber | K7: W- Wall(a) C- Ceiling B- Beam Co - Column | L7: Exposed Surface / wall surface | M7: Exposed Surface / wall surface - openings | N7: Exposed Surface / floor surface | O7: %of Wall Exposed | P7: % of Ceiling Exposed | Q7: %of Floor Exposed | R7: %of Beam Exposed | S7: %of Column exposed | T7: number of sprinkler | U7: time @ sprinkler activation | V7: opening closed at begining | W7: Opening Height | X7: Opening Area | Y7: Opening factor | Z7: Peak HRR Total | AA7: Peak HRR Fuel | AB7: Peak HRR Timber | AC7: HRRPUA Fuel | AD7: Fire growth rate (time to reach 1MW) | AE7: HRR Fuel [s,MW] | AF7: HRR Timber [s,MW] | AG7: Delta x (length) Fire position (default: center) | AH7: Delta y (width) Fire position (default: center) | AI7: fire height location (0=floor) | AJ7: Travelling fire: number of fires | AK7: mass loss | AL7: Peak Room Temperature | AM7: Duration of fire experiment | AN7: Fire Brigade travel time | AO7: time @ GB Fall off: Loc (Layer1, 2, 3) | AP7: time @ Wall GB Fall off | AQ7: time @ ceiling GB Fall off | AR7: Stprot_wall | AS7: Stprot_ceiling | AT7: tf,pr_wall | AU7: tf,pr_ceiling | AV7: time @ delamination | AW7: Auto-Extinction | AX7: time @ mesure | AY7: Mean | AZ7: Min | BA7: Max | BB7: Average | BC7: Mean | BD7: Min | BE7: Max | BF7: Average | BG7: Mean | BH7: Min | BI7: Max | BJ7: Mean | BK7: Min | BL7: Max | BM7: Average | BN7: Mean | BO7: Min | BP7: Max | BQ7: Average | BR7: Distance from windows of measure | BS7: wall with windows of measure | BT7: Mode of calculation of exterior flux ('above' or 'front'). It is absed on the position of the flux captor, if it is above the opening or in front of it. | BU7: Temperature | BV7: Flux | CB7: Length | CC7: Width | CD7: Height | CE7: Origin | CF7: Time step | CG7: Error Control | CH7: Vent flow error control | CI7: Excel Output interval | CJ7: Specific condition for calculation | CK7: altitude | CL7: atmospheric Pressure | CM7: wind velocity | CN7: wind direction | CO7: relative humidity | CP7: ambient Temp. | CQ7: Exposed Wood Surface | CR7: Lining materials | CS7: Lining thickness | CT7: Substrate #1 material | CU7: Substrate #1 thickness | CV7: Substrate #2 material | CW7: Substrate #2 thickness | CX7: Wood Type | CY7: Wood Class | CZ7: Humidity | DA7: Density | DB7: Surface | DC7: Exposed wood surface | DD7: Lining materials | DE7: Lining thickness | DF7: Substrate #1 material | DG7: Substrate #1 thickness | DH7: Substrate #2 material | DI7: Substrate #2 thickness | DJ7: Wood Type | DK7: Wood Class | DL7: Humidity | DM7: Density | DN7: Heat of combustion | DO7: Surface | DP7: Exposed wood | DQ7: Lining materials | DR7: Lining thickness | DS7: Substrate #1 material | DT7: Substrate #1 thickness | DU7: Substrate #2 material | DV7: Substrate #2 thickness | DW7: Wood Type | DX7: Wood Class | DY7: Humidity | DZ7: Density | EA7: Surface | EB7: Exposed wood | EC7: Number | ED7: Wood Type | EE7: Wood Class | EF7: Humidity | EG7: Density | EH7: total length | EI7: width | EJ7: height | EK7: Exposed height | EL7: Number of exposed face | EM7: Exposed wood surface | EN7: Number | EO7: Wood Type | EP7: Wood Class | EQ7: Humidity | ER7: Density | ES7: total length | ET7: width | EU7: height | EV7: Exposed height | EW7: Number of exposed face | EX7: Exposed wood surface | EY7: Number of wall vents | EZ7: width | FA7: height | FB7: sill | FC7: horizontal Offset in wall | FD7: rough opening surface | FE7: Number of repeated vents | FF7: Distance between repeated vents | FG7: Face location | FH7: width | FI7: height | FJ7: sill | FK7: horizontal Offset in wall | FL7: rough opening surface | FM7: Number of repeated vents | FN7: Distance between repeated vents | FO7: Face location | FP7: width | FQ7: height | FR7: sill | FS7: horizontal Offset in wall | FT7: rough opening surface | FU7: Number of repeated vents | FV7: Distance between repeated vents | FW7: Face location | FX7: width | FY7: height | FZ7: sill | GA7: horizontal Offset in wall | GB7: rough opening surface | GC7: Number of repeated vents | GD7: Distance between repeated vents | GE7: Face location | GF7: width | GG7: height | GH7: sill | GI7: horizontal Offset in wall | GJ7: rough opening surface | GK7: Number of repeated vents | GL7: Distance between repeated vents | GM7: Face location | GN7: width | GO7: height | GP7: sill | GQ7: horizontal Offset in wall | GR7: rough opening surface | GS7: Number of repeated vents | GT7: Distance between repeated vents | GU7: Face location | GV7: width | GW7: height | GX7: sill | GY7: horizontal Offset in wall | GZ7: rough opening surface | HA7: Number of repeated vents | HB7: Distance between repeated vents | HC7: Face location | HD7: width | HE7: height | HF7: sill | HG7: horizontal Offset in wall | HH7: rough opening surface | HI7: Number of repeated vents | HJ7: Distance between repeated vents | HK7: Face location | HL7: width | HM7: height | HN7: sill | HO7: horizontal Offset in wall | HP7: rough opening surface | HQ7: Number of repeated vents | HR7: Distance between repeated vents | HS7: Face location | HT7: width | HU7: height | HV7: sill | HW7: horizontal Offset in wall | HX7: rough opening surface | HY7: Number of repeated vents | HZ7: Distance between repeated vents | IA7: Face location | IB7: width | IC7: height | ID7: sill | IE7: horizontal Offset in wall | IF7: rough opening surface | IG7: Number of repeated vents | IH7: Distance between repeated vents | II7: Face location
A8: Carlton University | B8: McGregor 2013 | C8: 1 | D8: =CONCATENATE("McGregor_",C8) -> McGregor_1 | E8: 482 | F8: Propane | G8: 43.7 | H8: =CB8*CC8 -> 15.346181 | I8: =2*H8+2*(CB8+CC8)*CD8 -> 69.331334 | J8: =CQ8/I8 -> 0 | K8: 0 | L8: =CQ8/(2*(CB8+CC8)*CD8) -> 0 | M8: =CQ8/(2*(CB8+CC8)*CD8-X8) -> 0 | N8: =CQ8/H8 -> 0 | O8: =DC8/(2*(CB8+CC8)*CD8-X8) -> 0 | P8: =DP8/H8 -> 0 | Q8: =IF(ISNUMBER(EB8),EB8/H8,"") | V8: N | W8: =SUM(FD8*FA8+FL8*FI8+FT8*FQ8+GB8*FY8+GJ8*GG8+GR8*GO8)/X8 -> 2 | X8: =FD8+FL8+FT8+GB8+GJ8+GR8 -> 2.138 | Y8: =X8*SQRT(W8)/I8 -> 0.043610708 | Z8: 4.59 | AA8: 4 | AB8: 2.8 | AC8: =AA8/H8*1000 -> 260.65117 | AE8: 240823 HRR_Experiments.xlsx | AL8: 1157 | AM8: 119 | AO8: C2(31,41) W(31?,60?) | AP8: 60 | AQ8: 41 | AR8: 46.5 | AS8: 39.3 | AT8: 45.9 | AU8: 36.2 | AV8: 105; 115 | AW8: N | AX8: 119 | AY8: =ROUND('Char measurement'!U264,0) -> 26 | AZ8: 6 | BA8: 60 | BB8: 0.6 | BC8: =ROUND('Char measurement'!Q264,0) -> 34 | BD8: 12 | BE8: 55 | BF8: 1.67 | BW8: From the results of the tests that were conducted, the following conclusions could be drawn: 1. In protected room tests using furniture as the fuel, the fires self-extinguished when all combustibles were consumed and the CLT panels remained unaffected by the fire with no noticeable contribution to the growth, duration or intensity of the fire was observed. 2. In the protected room tests with propane as the fuel, once gypsum board protection began to fail, CLT panels contributed to the fire, increasing the energy release and production of smoke. 3. Increased fire growth rates were observed in rooms where CLT panels were unprotected, which reduced time to flashover. 4. Sprinklers can provide protection against fire growth for construction using CLT panels as sprinkler activation is expected to occur before significant fire growth and fire involvement o f exposed CLT panels. Sprinklers are recommended where exposed CLT panels are used. 5. Increased rates of energy release were observed where CLT panels were unprotected, approximately twofold in these tests. 6. Where charring caused delamination o f the CLT panels, energy release rates increased extending the duration of the room fire. This indicates that the CLT panels can contribute significantly to the fire load in a room and delamination could eventually lead to structural failure 156 7. Delamination o f the CLT panels provides fuel to the fire as it uncovers unbumt wood, which could lead to room flashover. Delamination occurred following failure o f the gypsum boards in the protected room with propane fire test as a result of extensive charring over a long period which the room temperature remained above 400°C. This caused the room to flashover for a second time. 8. The peak heat release rate in the unprotected room fire with furniture reached values that were considerably higher than the ventilation controlled peak indicating that combustion was taking place outside the room. 9. This research highlights fire hazards associated with construction using CLT panels in situations where no active fire protection is provided and over extended periods without response. In reality, for mid-rise applications that are the target for this research, the NBCC already includes active fire protection requirements that should prevent any contribution from CLT panels to the growth, duration and intensity o f room fires. | CB8: =3.5-2*CS8/1000 -> 3.4492 | CC8: =4.5-2*CS8/1000 -> 4.4492 | CD8: =2.5-(DE8+DR8+DT8)/1000 -> 2.446 | CF8: 0.25 | CP8: 5.5 | CQ8: =DC8+DP8+IF(ISNUMBER(EB8),EB8,0)+EM8+EX8 -> 0 | CR8: GYP1/2 | CS8: =2*12.7 -> 25.4 | CT8: CLT | CU8: =3*35 -> 105 | CV8: GYP1/2 | CW8: 12.7 | CX8: X-Lam (105-s3), | CY8: SPF 1950Fb MSR 35 x 89 mm members | DB8: =2*(CB8+CC8)*CD8-X8 -> 36.500973 | DD8: GYP1/2 | DE8: =2*12.7 -> 25.4 | DF8: CLT | DG8: =3*35 -> 105 | DH8: GYP1/2 | DI8: 12.7 | DJ8: X-Lam (105-s3), | DK8: SPF 1950Fb MSR 35 x 89 mm members | DO8: =CB8*CC8 -> 15.346181 | DQ8: fibre cement sheet | DR8: 12.7 | DS8: GYP1/2 | DT8: 15.9 | DU8: CLT | DV8: 105 | EA8: =CB8*CC8 -> 15.346181 | EB8: incl. in FL | EY8: 1 | EZ8: 1.069 | FA8: 2 | FB8: 0 | FC8: =(CB8-EZ8)/2 -> 1.1901 | FD8: =EZ8*FA8 -> 2.138 | FG8: Front
C9: 2 | D9: =CONCATENATE("McGregor_",C9) -> McGregor_2 | E9: 533 | F9: Residential fuel load | G9: 18.27 | H9: =CB9*CC9 -> 15.346181 | I9: =2*H9+2*(CB9+CC9)*CD9 -> 69.081745 | J9: =CQ9/I9 -> 0 | K9: 0 | L9: =CQ9/(2*(CB9+CC9)*CD9) -> 0 | M9: =CQ9/(2*(CB9+CC9)*CD9-X9) -> 0 | N9: =CQ9/H9 -> 0 | O9: =DC9/(2*(CB9+CC9)*CD9-X9) -> 0 | P9: =DP9/H9 -> 0 | Q9: =IF(ISNUMBER(EB9),EB9/H9,"") | V9: N | W9: =SUM(FD9*FA9+FL9*FI9+FT9*FQ9+GB9*FY9+GJ9*GG9+GR9*GO9)/X9 -> 2 | X9: =FD9+FL9+FT9+GB9+GJ9+GR9 -> 2.138 | Y9: =X9*SQRT(W9)/I9 -> 0.043768272 | Z9: =5.6 -> 5.6 | AA9: 5.49 | AC9: =AA9/H9*1000 -> 357.74374 | AK9: =379/E9 -> 0.71106942 | AM9: 60 | AR9: 46.5 | AS9: 39.3 | AT9: 45.9 | AU9: 36.2 | AW9: Y | AX9: 60 | CB9: =3.5-2*CS9/1000 -> 3.4492 | CC9: =4.5-2*CS9/1000 -> 4.4492 | CD9: =2.5-(DE9+DR9+DT9)/1000 -> 2.4302 | CP9: 17.5 | CQ9: =DC9+DP9+IF(ISNUMBER(EB9),EB9,0)+EM9+EX9 -> 0 | CR9: GYP1/2 | CS9: =2*12.7 -> 25.4 | CT9: CLT | CU9: =3*35 -> 105 | CV9: GYP1/2 | CW9: 12.7 | CX9: X-Lam (105-s3), | CY9: SPF 1950Fb MSR 35 x 89 mm members | DB9: =2*(CB9+CC9)*CD9-X9 -> 36.251383 | DD9: GYP1/2 | DE9: =2*12.7 -> 25.4 | DF9: CLT | DG9: =3*35 -> 105 | DH9: GYP1/2 | DI9: 12.7 | DJ9: X-Lam (105-s3), | DK9: SPF 1950Fb MSR 35 x 89 mm members | DO9: =CB9*CC9 -> 15.346181 | DQ9: HARDWOOD | DR9: 19 | DS9: fibre cement sheet | DT9: =2*12.7 -> 25.4 | DU9: GYP1/2 | DV9: 15.9 | EA9: =CB9*CC9 -> 15.346181 | EB9: incl. in FL | EY9: 1 | EZ9: 1.069 | FA9: 2 | FB9: 0 | FC9: =(CB9-EZ9)/2 -> 1.1901 | FD9: =EZ9*FA9 -> 2.138 | FG9: Front
C10: 3 | D10: =CONCATENATE("McGregor_",C10) -> McGregor_3 | E10: 182 | F10: Propane | G10: 43.7 | H10: =CB10*CC10 -> 15.75 | I10: =2*H10+2*(CB10+CC10)*CD10 -> 71.5 | J10: =CQ10/I10 -> 0.74981818 | K10: Wco;C;Fl | L10: =CQ10/(2*(CB10+CC10)*CD10) -> 1.3403 | M10: =CQ10/(2*(CB10+CC10)*CD10-X10) -> 1.4159844 | N10: =CQ10/H10 -> 3.4039365 | O10: =DC10/(2*(CB10+CC10)*CD10-X10) -> 1 | P10: =DP10/H10 -> 1 | Q10: =IF(ISNUMBER(EB10),EB10/H10,"") | V10: N | W10: =SUM(FD10*FA10+FL10*FI10+FT10*FQ10+GB10*FY10+GJ10*GG10+GR10*GO10)/X10 -> 2 | X10: =FD10+FL10+FT10+GB10+GJ10+GR10 -> 2.138 | Y10: =X10*SQRT(W10)/I10 -> 0.042287952 | Z10: 8.75 | AA10: 3 | AB10: =Z10-AA10 -> 5.75 | AC10: =AA10/H10*1000 -> 190.47619 | AE10: 240823 HRR_Experiments.xlsx | AL10: 982 | AM10: 60 | AW10: Y | AX10: 58 | AY10: =ROUND('Char measurement'!U284,0) -> 30 | AZ10: =AY10*0.75 -> 22.5 | BA10: 40 | BB10: 0.63 | BC10: =ROUND('Char measurement'!Q284,0) -> 20 | BD10: =BC10*0.75 -> 15 | BE10: 40 | BF10: =13/(24-5) -> 0.68421053 | CB10: 3.5 | CC10: 4.5 | CD10: 2.5 | CP10: 16 | CQ10: =DC10+DP10+IF(ISNUMBER(EB10),EB10,0)+EM10+EX10 -> 53.612 | CR10: CLT | CS10: 105 | CT10: GYP1/2 | CU10: 12.7 | CX10: X-Lam (105-s3), | CY10: SPF 1950Fb MSR 35 x 89 mm members | DB10: =2*(CB10+CC10)*CD10-X10 -> 37.862 | DC10: =2*(CB10+CC10)*CD10-X10 -> 37.862 | DD10: CLT | DE10: 105 | DF10: GYP1/2 | DG10: 12.7 | DJ10: X-Lam (105-s3), | DK10: SPF 1950Fb MSR 35 x 89 mm members | DO10: =CB10*CC10 -> 15.75 | DP10: =CB10*CC10 -> 15.75 | DQ10: fibre cement sheet | DR10: =2*12.7 -> 25.4 | DS10: GYP1/2 | DT10: 15.9 | DU10: CLT | DV10: 105 | EA10: =CB10*CC10 -> 15.75 | EB10: incl. in FL | EY10: 1 | EZ10: 1.069 | FA10: 2 | FB10: 0 | FC10: =(CB10-EZ10)/2 -> 1.2155 | FD10: =EZ10*FA10 -> 2.138 | FG10: Front
C11: 4 | D11: =CONCATENATE("McGregor_",C11) -> McGregor_4 | E11: 553 | F11: Residential fuel load | G11: 18.26 | H11: =CB11*CC11 -> 15.346181 | I11: =2*H11+2*(CB11+CC11)*CD11 -> 69.282364 | J11: =CQ11/I11 -> 0 | K11: Fl | L11: =CQ11/(2*(CB11+CC11)*CD11) -> 0 | M11: =CQ11/(2*(CB11+CC11)*CD11-X11) -> 0 | N11: =CQ11/H11 -> 0 | O11: =DC11/(2*(CB11+CC11)*CD11-X11) -> 0 | P11: =DP11/H11 -> 0 | Q11: =IF(ISNUMBER(EB11),EB11/H11,"") | V11: N | W11: =SUM(FD11*FA11+FL11*FI11+FT11*FQ11+GB11*FY11+GJ11*GG11+GR11*GO11)/X11 -> 2 | X11: =FD11+FL11+FT11+GB11+GJ11+GR11 -> 2.138 | Y11: =X11*SQRT(W11)/I11 -> 0.043641533 | Z11: 5.72 | AA11: 5.7 | AC11: =AA11/H11*1000 -> 371.42792 | AK11: =364/E11 -> 0.65822785 | AL11: 1081 | AM11: 54 | AR11: 46.5 | AS11: 39.3 | AT11: 45.9 | AU11: 36.2 | AW11: Y | AX11: 53 | CB11: =3.5-2*CS11/1000 -> 3.4492 | CC11: =4.5-2*CS11/1000 -> 4.4492 | CD11: =2.5-(DE11+DR11+DT11)/1000 -> 2.4429 | CP11: 27 | CQ11: =DC11+DP11+IF(ISNUMBER(EB11),EB11,0)+EM11+EX11 -> 0 | CR11: GYP1/2 | CS11: =2*12.7 -> 25.4 | CT11: CLT | CU11: =3*35 -> 105 | CV11: GYP1/2 | CW11: 12.7 | CX11: X-Lam (105-s3), | CY11: SPF 1950Fb MSR 35 x 89 mm members | DB11: =2*(CB11+CC11)*CD11-X11 -> 36.452003 | DD11: GYP1/2 | DE11: =2*12.7 -> 25.4 | DF11: CLT | DG11: =3*35 -> 105 | DH11: GYP1/2 | DI11: 12.7 | DJ11: X-Lam (105-s3), | DK11: SPF 1950Fb MSR 35 x 89 mm members | DO11: =CB11*CC11 -> 15.346181 | DQ11: HARDWOOD | DR11: 19 | DS11: fibre cement sheet | DT11: 12.7 | DU11: GYP1/2 | DV11: 15.9 | EA11: =CB11*CC11 -> 15.346181 | EB11: incl. in FL | EY11: 1 | EZ11: 1.069 | FA11: 2 | FB11: 0 | FC11: =(CB11-EZ11)/2 -> 1.1901 | FD11: =EZ11*FA11 -> 2.138 | FG11: Front
C12: 5 | D12: =CONCATENATE("McGregor_",C12) -> McGregor_5 | E12: 529 | F12: Residential fuel load | G12: 18.32 | H12: =CB12*CC12 -> 15.75 | I12: =2*H12+2*(CB12+CC12)*CD12 -> 71.5 | J12: =CQ12/I12 -> 0.74981818 | K12: Wco;C;Fl | L12: =CQ12/(2*(CB12+CC12)*CD12) -> 1.3403 | M12: =CQ12/(2*(CB12+CC12)*CD12-X12) -> 1.4159844 | N12: =CQ12/H12 -> 3.4039365 | O12: =DC12/(2*(CB12+CC12)*CD12-X12) -> 1 | P12: =DP12/H12 -> 1 | Q12: =IF(ISNUMBER(EB12),EB12/H12,"") | V12: N | W12: =SUM(FD12*FA12+FL12*FI12+FT12*FQ12+GB12*FY12+GJ12*GG12+GR12*GO12)/X12 -> 2 | X12: =FD12+FL12+FT12+GB12+GJ12+GR12 -> 2.138 | Y12: =X12*SQRT(W12)/I12 -> 0.042287952 | Z12: 7.69 | AA12: 5.6 | AB12: 6 | AC12: =AA12/H12*1000 -> 355.55556 | AK12: =366/E12 -> 0.69187146 | AL12: 1039 | AM12: 63 | AV12: 39 | AW12: N | AX12: 63 | AY12: =ROUND('Char measurement'!U309,0) -> 62 | AZ12: 40 | BA12: 70 | BB12: =24/(33-5) -> 0.85714286 | BC12: =ROUND('Char measurement'!Q309,0) -> 67 | BD12: 40 | BE12: 80 | BF12: =24/(30-5) -> 0.96 | CB12: 3.5 | CC12: 4.5 | CD12: 2.5 | CP12: 21 | CQ12: =DC12+DP12+IF(ISNUMBER(EB12),EB12,0)+EM12+EX12 -> 53.612 | CR12: CLT | CS12: 105 | CT12: GYP1/2 | CU12: 12.7 | CX12: X-Lam (105-s3), | CY12: SPF 1950Fb MSR 35 x 89 mm members | DB12: =2*(CB12+CC12)*CD12-X12 -> 37.862 | DC12: =2*(CB12+CC12)*CD12-X12 -> 37.862 | DD12: CLT | DE12: 105 | DF12: GYP1/2 | DG12: 12.7 | DJ12: X-Lam (105-s3), | DK12: SPF 1950Fb MSR 35 x 89 mm members | DO12: =CB12*CC12 -> 15.75 | DP12: =CB12*CC12 -> 15.75 | DQ12: HARDWOOD | DR12: 19 | DS12: fibre cement sheet | DT12: 12.7 | DU12: GYP1/2 | DV12: 15.9 | EA12: =CB12*CC12 -> 15.75 | EB12: incl. in FL | EY12: 1 | EZ12: 1.069 | FA12: 2 | FB12: 0 | FC12: =(CB12-EZ12)/2 -> 1.2155 | FD12: =EZ12*FA12 -> 2.138 | FG12: Front
B13: Medina 2014 | C13: 1 | D13: =CONCATENATE("Medina_",C13) -> Medina_1 | E13: 531.6 | F13: Residential fuel load | G13: 18.32 | H13: =CB13*CC13 -> 15.547445 | I13: =2*H13+2*(CB13+CC13)*CD13 -> 70.033252 | J13: =CQ13/I13 -> 0.2779991 | K13: Wc | L13: =CQ13/(2*(CB13+CC13)*CD13) -> 0.5 | M13: =CQ13/(2*(CB13+CC13)*CD13-X13) -> 0.52904863 | N13: =CQ13/H13 -> 1.2522431 | O13: =DC13/(2*(CB13+CC13)*CD13-X13) -> 0.52904863 | P13: =DP13/H13 -> 0 | Q13: =IF(ISNUMBER(EB13),EB13/H13,"") | V13: N | W13: =SUM(FD13*FA13+FL13*FI13+FT13*FQ13+GB13*FY13+GJ13*GG13+GR13*GO13)/X13 -> 2 | X13: =FD13+FL13+FT13+GB13+GJ13+GR13 -> 2.138 | Y13: =X13*SQRT(W13)/I13 -> 0.043173614 | Z13: 4.8 | AC13: =AA13/H13*1000 -> 0 | AL13: 1180 | AM13: 123 | AO13: C(75,87) | AQ13: 87 | AR13: 50 | AS13: 50 | AT13: 67.9 | AU13: 63.7 | AV13: 70 | AW13: N | AX13: 123 | AY13: =AVERAGE(80,71,74,73) -> 74.5 | AZ13: 71 | BA13: 80 | BB13: =AVERAGE(0.81914,0.729,0.68114,0.75386,0.426,0.73971,0.96157,0.46371) -> 0.69676625 | BC13: =AVERAGE(41,33) -> 37 | BD13: 33 | BE13: 41 | BW13: Many of these objectives were addressed after observations made during the three partially protected room fire tests and analysing the data output afterwards. The following conclusions were drawn from these tests. 1. All three room test had the same dimensions, ventilation opening factor, room content and were subjected to a non-standard fire. 2. The heat release rate during the tests with two walls exposed was much greater than the heat release rate of the test with only one wall exposed.3. The maximum HRR of Test 2 with unprotected walls facing each other was greater (6.3 MW) than the HRR of Test 1 (4.8 MW) in which the unprotected walls were adjacent to each other. Perhaps the greater radiation between walls in Test 2 due to a higher configuration or view factor led to higher burning rates. 4. Room temperatures during the early stages of the fire for all three tests were similar as only the room contents were involved in the fire. After flashover, the temperatures in the rooms with multiple unprotected walls decreased at a slower rate than the room with only one unprotected wall. 5. After an early integrity failure during Test 2, it was concluded that the use of fire rated caulking to seal lap joints connecting walls as well as any other CLT panel to panel connection is necessary. The lack of use of a sealant will allow hot gases to escape the fire room which could lead to flaming outside the room. 6. Premature delamination of CLT plies occurred in the first two tests with 2 walls unprotected. The first exposed CLT ply did not char fully before the adhesive failed, exposing the underneath ply and adding new fuel to the fire. Delamination of the plies was the reason for the second flashover during Test 1 and 2. Test 3 with only one wall exposed did not delaminate. 7. The CLT panels used for the construction of the third room were produced by a different manufacturer than the one which produced the CLT for Test 1 and 2. These panels had wider plies with more adhesive per ply which may have contributed to full ply charring without delamination.8. The charring rate of the unprotected walls was higher for Test 1 and 2 where the heat release rate was greater. The charring rate decreased linearly in all three tests as the thickness of the char layer developed. 9. Test 3 self-extinguished after all the contents in the room had been consumed with no major involvement of the CLT unprotected wall in the fire. The heat release rate and temperature in Test 1 decreased rapidly after the room contents were consumed but the fire re-ignited causing a second flashover due to burning of the second layer because of premature ply delamination. Tests 1 and 2 were manually put out by firefighters after the fire did not self-extinguish. 10. Test 3, with only the right wall unprotected, self-extinguish and performed similarly to the fully protected room test conducted by McGregor. 11. The results of the developed numerical model show that the model can accurately predict the structural failure of CLT walls when subjected to the standard timetemperature test. Overall the partially protected CLT room tests demonstrated that a certain percentage of the room interior surface area can be left unprotected without increasing the risk of fire spread or increased fire intensity. The study demonstrated that for a 4.5 x 3.5 x 2.5 m room with a door opening of 2.0 x 1.0 m with one wall unprotected accounting for 29.7 % of total room wall area performed similarly to a fully protected room and resulted in self-extinguishment after the room contents were consumed. Given the results from the room tests, the construction limitations on Cross Laminated Timber should be addressed. The walls and ceiling exceeded the required fire resistance rating of 1 hour for a building of a maximum of 6 storeys. Provided the walls and ceiling are properly ealed and protected with gypsum boards, CLT panels can be used in the construction of much taller buildings. The use of sprinklers is recommended as it ensures that fires will be suppressed with no fire department intervention. The premature delamination of plies is could be problematic but this should not be a concern if sprinklers are installed. | CB13: =3.5-CS13/1000 -> 3.4746 | CC13: =4.5-CS13/1000 -> 4.4746 | CD13: =2.5-(DE13+DR13+DT13)/1000 -> 2.4492 | CP13: -1 | CQ13: =DC13+DP13+IF(ISNUMBER(EB13),EB13,0)+EM13+EX13 -> 19.469181 | CR13: Gypsum Board, Type X (5/8 in) | CS13: =2*12.7 -> 25.4 | CT13: CLT | CU13: 105 | CX13: 105 mm thick 3-ply CLT | CY13: pruce-Pine-Fir (S-P-F) 1950Fb MSR 35x89 mm members | CZ13: 0.08 | DB13: =2*(CB13+CC13)*CD13-X13 -> 36.800361 | DC13: =(CB13+CC13)*CD13 -> 19.469181 | DD13: Gypsum Board, Type X (5/8 in) | DE13: =2*12.7 -> 25.4 | DF13: CLT | DG13: 105 | DJ13: 105 mm thick 3-ply CLT | DK13: pruce-Pine-Fir (S-P-F) 1950Fb MSR 35x89 mm members | DL13: 0.08 | DO13: =CB13*CC13 -> 15.547445 | DQ13: HARDWOOD | DR13: 12.7 | DS13: fibre cement sheet | DT13: 12.7 | DU13: CLT | DV13: 105 | EA13: =CB13*CC13 -> 15.547445 | EB13: incl. in FL | EY13: 1 | EZ13: 1.069 | FA13: 2 | FB13: 0 | FC13: =(CB13-EZ13)/2 -> 1.2028 | FD13: =EZ13*FA13 -> 2.138 | FG13: Front
C14: 2 | D14: =CONCATENATE("Medina_",C14) -> Medina_2 | E14: 531.6 | F14: Residential fuel load | H14: =CB14*CC14 -> 15.5214 | I14: =2*H14+2*(CB14+CC14)*CD14 -> 69.981161 | J14: =CQ14/I14 -> 0.31498191 | K14: Wo | L14: =CQ14/(2*(CB14+CC14)*CD14) -> 0.5660947 | M14: =CQ14/(2*(CB14+CC14)*CD14-X14) -> 0.59898325 | N14: =CQ14/H14 -> 1.4201554 | O14: =DC14/(2*(CB14+CC14)*CD14-X14) -> 0.59898325 | P14: =DP14/H14 -> 0 | Q14: =IF(ISNUMBER(EB14),EB14/H14,"") | V14: N | W14: =SUM(FD14*FA14+FL14*FI14+FT14*FQ14+GB14*FY14+GJ14*GG14+GR14*GO14)/X14 -> 2 | X14: =FD14+FL14+FT14+GB14+GJ14+GR14 -> 2.138 | Y14: =X14*SQRT(W14)/I14 -> 0.043205751 | Z14: 6.3 | AC14: =AA14/H14*1000 -> 0 | AL14: 1100 | AM14: 57 | AO14: W(31,Nof) C(27,45) | AQ14: 45 | AR14: 50 | AS14: 50 | AT14: 67.9 | AU14: 63.7 | AV14: 40 | AW14: N | AX14: 57 | AY14: =AVERAGE(60,54,53,57) -> 56 | AZ14: 54 | BA14: 60 | BB14: 0.9 | BC14: =11.5 -> 11.5 | BD14: 11 | BE14: 12 | CB14: =3.5-2*CS14/1000 -> 3.4492 | CC14: =4.5 -> 4.5 | CD14: =2.5-(DE14+DR14+DT14)/1000 -> 2.4492 | CP14: 19 | CQ14: =DC14+DP14+IF(ISNUMBER(EB14),EB14,0)+EM14+EX14 -> 22.0428 | CR14: Gypsum Board, Type X (5/8 in) | CS14: =2*12.7 -> 25.4 | CT14: CLT | CU14: 105 | CX14: 105 mm thick 3-ply CLT | CY14: pruce-Pine-Fir (S-P-F) 1950Fb MSR 35x89 mm members | CZ14: 0.105 | DB14: =2*(CB14+CC14)*CD14-X14 -> 36.800361 | DC14: =2*(CC14)*CD14 -> 22.0428 | DD14: Gypsum Board, Type X (5/8 in) | DE14: =2*12.7 -> 25.4 | DF14: CLT | DG14: 105 | DJ14: 105 mm thick 3-ply CLT | DK14: pruce-Pine-Fir (S-P-F) 1950Fb MSR 35x89 mm members | DL14: 0.105 | DO14: =CB14*CC14 -> 15.5214 | DQ14: HARDWOOD | DR14: 12.7 | DS14: fibre cement sheet | DT14: 12.7 | DU14: CLT | DV14: 105 | EA14: =CB14*CC14 -> 15.5214 | EB14: incl. in FL | EY14: 1 | EZ14: 1.069 | FA14: 2 | FB14: 0 | FC14: =(CB14-EZ14)/2 -> 1.1901 | FD14: =EZ14*FA14 -> 2.138 | FG14: Front
C15: 3 | D15: =CONCATENATE("Medina_",C15) -> Medina_3 | E15: 531.6 | F15: Residential fuel load | H15: =CB15*CC15 -> 15.6357 | I15: =2*H15+2*(CB15+CC15)*CD15 -> 71.1444 | J15: =CQ15/I15 -> 0.1581291 | K15: W | L15: =CQ15/(2*(CB15+CC15)*CD15) -> 0.28214581 | M15: =CQ15/(2*(CB15+CC15)*CD15-X15) -> 0.29813171 | N15: =CQ15/H15 -> 0.71950728 | O15: =DC15/(2*(CB15+CC15)*CD15-X15) -> 0.29813171 | P15: =DP15/H15 -> 0 | Q15: =IF(ISNUMBER(EB15),EB15/H15,"") | V15: N | W15: =SUM(FD15*FA15+FL15*FI15+FT15*FQ15+GB15*FY15+GJ15*GG15+GR15*GO15)/X15 -> 2 | X15: =FD15+FL15+FT15+GB15+GJ15+GR15 -> 2.138 | Y15: =X15*SQRT(W15)/I15 -> 0.04249932 | Z15: 4.3 | AC15: =AA15/H15*1000 -> 0 | AL15: 1097 | AM15: 80 | AO15: C(31,?) | AR15: 50 | AS15: 50 | AT15: 67.9 | AU15: 63.7 | AW15: Y | AX15: 80 | AY15: =AVERAGE(21,41,27,44) -> 33.25 | AZ15: 21 | BA15: 44 | BB15: =AVERAGE(0.75778,0.80484,0.67452,0.74796,0.50722,0.77348) -> 0.71096667 | CB15: =3.5-CS15/1000 -> 3.4746 | CC15: 4.5 | CD15: 2.5 | CP15: 23 | CQ15: =DC15+DP15+IF(ISNUMBER(EB15),EB15,0)+EM15+EX15 -> 11.25 | CR15: Gypsum Board, Type X (5/8 in) | CS15: =2*12.7 -> 25.4 | CT15: CLT | CU15: 105 | CX15: 105 mm thick 3-ply CLT | CY15: Structurlam Innovative Wood Specialists The panels were classified as V2 by the manufacturer which corresponds to a No. 1/No. 2 S-P-F lumber for the plies with grades parallel to the load (outer layers) and No. 3 S-P-F lumber for the plies with grades perpendicular to the load (inner layer). | CZ15: 0.135 | DB15: =2*(CB15+CC15)*CD15-X15 -> 37.735 | DC15: =CC15*CD15 -> 11.25 | DD15: Gypsum Board, Type X (5/8 in) | DE15: =2*12.7 -> 25.4 | DF15: CLT | DG15: 105 | DJ15: 105 mm thick 3-ply CLT | DK15: pruce-Pine-Fir (S-P-F) 1950Fb MSR 35x89 mm members | DL15: 0.135 | DO15: =CB15*CC15 -> 15.6357 | DQ15: HARDWOOD | DR15: 12.7 | DS15: fibre cement sheet | DT15: 12.7 | DU15: CLT | DV15: 105 | EA15: =CB15*CC15 -> 15.6357 | EB15: incl. in FL | EY15: 1 | EZ15: 1.069 | FA15: 2 | FB15: 0 | FC15: =(CB15-EZ15)/2 -> 1.2028 | FD15: =EZ15*FA15 -> 2.138 | FG15: Front
A16: NRCC&NIST | B16: Su & Al 2018a | C16: 1 | D16: =CONCATENATE($A$16,"_",C16) -> NRCC&NIST_1 | E16: 549 | F16: Residential fuel load | G16: 19.74 | H16: =CB16*CC16 -> 41.86 | I16: =2*H16+2*(CB16+CC16)*CD16 -> 157.7 | J16: =CQ16/I16 -> 0.0011778377 | K16: 0 | L16: =CQ16/(2*(CB16+CC16)*CD16) -> 0.0025107461 | M16: =CQ16/(2*(CB16+CC16)*CD16-X16) -> 0.0026404411 | N16: =CQ16/H16 -> 0.004437291 | O16: =DC16/(2*(CB16+CC16)*CD16-X16) -> 0 | P16: =DP16/H16 -> 0 | Q16: =IF(ISNUMBER(EB16),EB16/H16,"") -> 0.004437291 | V16: N | W16: =SUM(FD16*FA16+FL16*FI16+FT16*FQ16+GB16*FY16+GJ16*GG16+GR16*GO16)/X16 -> 1.9826061 | X16: =FD16+FL16+FT16+GB16+GJ16+GR16 -> 3.6338 | Y16: =X16*SQRT(W16)/I16 -> 0.032444983 | Z16: 9.5 | AC16: =AA16/H16*1000 -> 0 | AK16: 0.8 | AL16: 1200 | AM16: 134 | AO16: W(34-44,Nfo,Nfo) | AR16: 88.4 | AS16: 88.4 | AT16: 119.2 | AU16: 82.8 | AW16: Y | AX16: 134 | BG16: =AVERAGE(55,45,42) -> 47.333333 | BH16: 42 | BI16: 55 | BR16: 2.4, 4.8, 12 | BS16: Rear | BT16: Front | BV16: 40, 12, x | BW16: Test 1-1 and Test 1-2, with fully protected CLT compartments, defined the contribution of the movable fire load to the compartment fires and provided baselines to quantify the CLT contribution to the compartment fires in the tests involving various amounts of exposed CLT surfaces. Fully protecting the CLT compartments using gypsum board as the physical barrier was an effective means to delay and/or prevent the ignition and involvement of the timber structural elements in the fires, limiting and/or eliminating their contribution to the fires. In baseline Test 1-1, the three-layer gypsum board system completely prevented the ignition and involvement of the CLT structural elements in the fire and performed as well as non-combustible structural systems. In baseline Test 1-2, the two-layer gypsum board system successfully protected the CLT structure and limited the impact of the fire on the CLT structure with only surface char (less than 15 mm) in the rear section of the ceiling but no contribution to the compartment fire Ventilation conditions had significant impacts on the fire development in the compartments. In baseline Test 1-2, the larger ventilation opening accelerated combustion of the room contents, which intensified the exterior exposure, while shortening the intense burning duration. The peak temperatures and the heat fluxes inside the fire compartments were similar in both baseline tests but the fire decayed earlier in Test 1-2 with the larger opening. The heat release rate was higher but more intense burning occurred outside the fire compartment in Test 1-2 with the larger opening. The larger opening increased exterior fire exposure, which would have implications on the exterior façade and adjacent buildings. The smaller opening, as used in Test 1-1, delayed the onset of the decay phase, thereby extending the duration of the fullydeveloped phase Partially exposed CLT structure in Test 1-3, Test 1-4, Test 1-5 and Test 1-6 contributed to compartment fires to an extent depending on the area and orientation of exposed CLT surface and ventilation conditions. Note that Test 1-3 was terminated at 242 min (over 4 h), later than Test 1-4, Test 1-5 and Test 1-6. The impact of the ventilation opening size on CLT contribution to the compartment fires was clearly demonstrated by Test 1-3 and Test 1-5 with the same long wall exposed (W1 wall). The peak temperatures in the compartments were similar in both tests. However, the heat release rate and exterior heat fluxes were higher, and the fire exhibited a general trend of decay in Test 1-3 with the larger ventilation opening although there were two small transient increases due to the delamination of two plies of CLT from the exposed wall. In Test 1-5, with the smaller ventilation opening, more heat was trapped inside the compartment and, after the initial decay, a large re-flash occurred on the exposed wall with delamination of the second ply of the CLT, which caused the second flashover and induced the full involvement of the ceiling and all other walls in the fire. Over the full test duration, the volume (depth x area of the CLT charred in Test 1-5 with the smaller opening, was approximately 3.6 times of that in Test 1-3 with the larger opening although Test 1-5 was terminated 40 min earlier than Test 1-3 In all the tests with the exposed CLT surface, flashover occurred earlier than in the baseline. The exposed CLT panels translated to more fuel loads in addition to the movable fuel load (room contents) in the compartment. The peak compartment temperatures were similar to the baseline. However, the heat release rates and heat fluxes to the exterior façade were higher than the baseline. Other than Test 1-3, which had the larger opening and exhibited a general trend of decay, all tests with exposed CLT surface either had a second flashover due to the re-flash on the exposed surface or an intense fire continuously without any decay period. The CLT panels used in this series of the compartment tests were manufactured using 2 x 4 SPF lumber glued with a polyurethane adhesive (with a brand name of HBE). The delamination of unprotected (exposed) CLT panels led to re-flare and/or re growth of the fire after a period of decay in Test 1-3, Test 1-4 and Test 1-5 and no decay of the fire in Test 1-6 During Test 1-3, Test 1-5 and Test 1-6, the heat flux measured at 2.4 m and 4.8 m away from the rough opening reached 60 kW/m2 and 25 kW/m2, respectively. During Test 1-3, a video camera positioned at 9 m away from the opening was damaged due to its polycarbonate casing melting. Based on the configuration factor, the heat flux would be 9 kW/m2 at the camera location (9 m away). To support the fire service request for a large opening factor, a stand-off distance should be at least 12 m away from the rough opening for staging firefighting as the heat flux would be attenuated to 5 kW/m2 at 12 m away from the openin Although the CLT compartment fire tests were conducted without sprinklers, simulated thermal elements (STE) donated by FM Global were used in the tests to predict the time temperature response of a quick-response sprinkler element. In all the tests, the STEs reached 68 °C (a typical temperature rating for residential sprinklers) in between 1.2 min and 5.8 min while the fires were still limited to the first item ignited (the console table). Had sprinklers been installed in the tests, flashover would not have occurred with effective sprinkler operations. Recent fire tests, conducted in support of code development efforts of the International Code Council’s Ad Hoc Committee on Tall Wood Buildings by US Department of Agriculture’s Forest Products Laboratory at the Bureau of Alcohol, Tobacco, Firearms, and Explosives Fire Test Laboratory collected additional data on the effectiveness of sprinklers in controlling and suppressing fires in fully exposed CLT compartments | CB16: 4.6 | CC16: 9.1 | CD16: 2.7 | CJ16: 175 | CQ16: =DC16+DP16+IF(ISNUMBER(EB16),EB16,0)+EM16+EX16 -> 0.185745 | CR16: Gypsum Board, Type X (5/8 in) | CS16: =3*15.9 -> 47.7 | CT16: CLT | CU16: 175 | CX16: CLT 5-ply 35mm | CY16: ANSI/APA PRG 320, 2018 compliant | CZ16: =AVERAGE(7.2,8.2,7.9)/100 -> 0.077666667 | DB16: =2*(CB16+CC16)*CD16-X16 -> 70.3462 | DD16: Gypsum Board, Type X (5/8 in) | DE16: =3*15.9 -> 47.7 | DF16: CLT | DG16: 175 | DJ16: CLT 5-ply 35mm | DK16: ANSI/APA PRG 320, 2018 compliant | DL16: 0.062 | DO16: =CB16*CC16 -> 41.86 | DQ16: Plywood 7 mm | DR16: 7 | DS16: fibre cement sheet | DT16: =12.7*2 -> 25.4 | DU16: Gypsum Board, Type X (5/8 in) | DV16: =2*15.9 -> 31.8 | EA16: =CB16*CC16 -> 41.86 | EB16: =3*0.305*0.203 -> 0.185745 | EY16: 3 | EZ16: 1.8 | FA16: 2 | FB16: 0 | FC16: 1.8 | FD16: =EZ16*FA16 -> 3.6 | FG16: Rear | FH16: 0.13 | FI16: 0.13 | FJ16: 0.3 | FK16: 2.3 | FL16: =FH16*FI16 -> 0.0169 | FO16: Front | FP16: 0.13 | FQ16: 0.13 | FR16: 1.8 | FS16: 2.3 | FT16: =FP16*FQ16 -> 0.0169 | FW16: Front
C17: 2 | D17: =CONCATENATE($A$16,"_",C17) -> NRCC&NIST_2 | E17: 548 | H17: =CB17*CC17 -> 41.86 | I17: =2*H17+2*(CB17+CC17)*CD17 -> 157.7 | J17: =CQ17/I17 -> 0.0011778377 | K17: 0 | L17: =CQ17/(2*(CB17+CC17)*CD17) -> 0.0025107461 | M17: =CQ17/(2*(CB17+CC17)*CD17-X17) -> 0.0027828551 | N17: =CQ17/H17 -> 0.004437291 | O17: =DC17/(2*(CB17+CC17)*CD17-X17) -> 0 | P17: =DP17/H17 -> 0 | Q17: =IF(ISNUMBER(EB17),EB17/H17,"") -> 0.004437291 | V17: N | W17: =SUM(FD17*FA17+FL17*FI17+FT17*FQ17+GB17*FY17+GJ17*GG17+GR17*GO17)/X17 -> 1.9912624 | X17: =FD17+FL17+FT17+GB17+GJ17+GR17 -> 7.2338 | Y17: =X17*SQRT(W17)/I17 -> 0.064729023 | Z17: 12.4 | AC17: =AA17/H17*1000 -> 0 | AK17: 0.8 | AL17: 1200 | AM17: 104 | AO17: C(36-40,Nfo) | AR17: 66.1 | AS17: 66.1 | AT17: 98.9 | AU17: 75.2 | AW17: Y | AX17: 104 | BD17: 0.1 | BE17: 10 | BG17: =AVERAGE(46,35,35) -> 38.666667 | BH17: 35 | BI17: 46 | BR17: 2.4, 4.8, 12 | BS17: Rear | BT17: Front | BV17: 65, 22, x | CB17: 4.6 | CC17: 9.1 | CD17: 2.7 | CJ17: 175 | CQ17: =DC17+DP17+IF(ISNUMBER(EB17),EB17,0)+EM17+EX17 -> 0.185745 | CR17: Gypsum Board, Type X (5/8 in) | CS17: =2*15.9 -> 31.8 | CT17: CLT | CU17: 175 | CX17: CLT 5-ply 35mm | CY17: ANSI/APA PRG 320, 2018 compliant | CZ17: =AVERAGE(8,7.6,8.1)/100 -> 0.079 | DB17: =2*(CB17+CC17)*CD17-X17 -> 66.7462 | DD17: Gypsum Board, Type X (5/8 in) | DE17: =2*15.9 -> 31.8 | DF17: CLT | DG17: 175 | DJ17: CLT 5-ply 35mm | DK17: ANSI/APA PRG 320, 2018 compliant | DL17: 0.069 | DO17: =CB17*CC17 -> 41.86 | DQ17: Plywood 7 mm | DR17: 7 | DS17: fibre cement sheet | DT17: =12.7*2 -> 25.4 | DU17: Gypsum Board, Type X (5/8 in) | DV17: =2*15.9 -> 31.8 | EA17: =CB17*CC17 -> 41.86 | EB17: =3*0.305*0.203 -> 0.185745 | EY17: 3 | EZ17: 3.6 | FA17: 2 | FB17: 0 | FC17: 0.2 | FD17: =EZ17*FA17 -> 7.2 | FG17: Rear | FH17: 0.13 | FI17: 0.13 | FJ17: 0.3 | FK17: 2.3 | FL17: =FH17*FI17 -> 0.0169 | FO17: Front | FP17: 0.13 | FQ17: 0.13 | FR17: 1.8 | FS17: 2.3 | FT17: =FP17*FQ17 -> 0.0169 | FW17: Front
C18: 3 | D18: =CONCATENATE($A$16,"_",C18) -> NRCC&NIST_3 | E18: 556 | H18: =CB18*CC18 -> 41.86 | I18: =2*H18+2*(CB18+CC18)*CD18 -> 157.7 | J18: =CQ18/I18 -> 0.15580216 | K18: W | L18: =CQ18/(2*(CB18+CC18)*CD18) -> 0.33211679 | M18: =CQ18/(2*(CB18+CC18)*CD18-X18) -> 0.36811084 | N18: =CQ18/H18 -> 0.58695652 | O18: =DC18/(2*(CB18+CC18)*CD18-X18) -> 0.36811084 | P18: =DP18/H18 -> 0 | V18: N | W18: =SUM(FD18*FA18+FL18*FI18+FT18*FQ18+GB18*FY18+GJ18*GG18+GR18*GO18)/X18 -> 1.9912624 | X18: =FD18+FL18+FT18+GB18+GJ18+GR18 -> 7.2338 | Y18: =X18*SQRT(W18)/I18 -> 0.064729023 | Z18: 14.2 | AA18: =Z17 -> 12.4 | AB18: 3.5 | AC18: =AA18/H18*1000 -> 296.22551 | AL18: 1200 | AM18: 242 | AO18: C(25-35, Nfo) | AR18: 66.1 | AS18: 66.1 | AT18: 98.9 | AU18: 75.2 | AV18: 90 ; 190 | AW18: Y | AX18: 70 | AY18: =AVERAGE(BA18,AZ18) -> 27.5 | AZ18: 20 | BA18: 35 | BR18: 2.4, 4.8, 12 | BS18: Rear | BT18: Front | BV18: 65, 25, x | CB18: 4.6 | CC18: 9.1 | CD18: 2.7 | CQ18: =DC18+DP18+IF(ISNUMBER(EB18),EB18,0)+EM18+EX18 -> 24.57 | CR18: Gypsum Board, Type X (5/8 in) | CS18: =2*15.9 -> 31.8 | CT18: CLT | CU18: 175 | CX18: CLT 5-ply 35mm | CY18: ANSI/APA PRG 320, 2018 compliant | CZ18: =AVERAGE(8.2,7.5,8.6,6.8)/100 -> 0.07775 | DB18: =2*(CB18+CC18)*CD18-X18 -> 66.7462 | DC18: =CC18*CD18 -> 24.57 | DD18: Gypsum Board, Type X (5/8 in) | DE18: =2*15.9 -> 31.8 | DF18: CLT | DG18: 175 | DJ18: CLT 5-ply 35mm | DK18: ANSI/APA PRG 320, 2018 compliant | DL18: 0.064 | DO18: =CB18*CC18 -> 41.86 | DQ18: Plywood 7 mm | DR18: 7 | DS18: fibre cement sheet | DT18: =12.7*2 -> 25.4 | DU18: Gypsum Board, Type X (5/8 in) | DV18: =2*15.9 -> 31.8 | EA18: =CB18*CC18 -> 41.86 | EB18: incl. in FL | EY18: 3 | EZ18: 3.6 | FA18: 2 | FB18: 0 | FC18: 0.2 | FD18: =EZ18*FA18 -> 7.2 | FG18: Rear | FH18: 0.13 | FI18: 0.13 | FJ18: 0.3 | FK18: 2.3 | FL18: =FH18*FI18 -> 0.0169 | FO18: Front | FP18: 0.13 | FQ18: 0.13 | FR18: 1.8 | FS18: 2.3 | FT18: =FP18*FQ18 -> 0.0169 | FW18: Front
C19: 4 | D19: =CONCATENATE($A$16,"_",C19) -> NRCC&NIST_4 | E19: 548 | H19: =CB19*CC19 -> 41.86 | I19: =2*H19+2*(CB19+CC19)*CD19 -> 157.7 | J19: =CQ19/I19 -> 0.26544071 | K19: C | L19: =CQ19/(2*(CB19+CC19)*CD19) -> 0.5658286 | M19: =CQ19/(2*(CB19+CC19)*CD19-X19) -> 0.59505702 | N19: =CQ19/H19 -> 1 | O19: =DC19/(2*(CB19+CC19)*CD19-X19) -> 0 | P19: =DP19/H19 -> 1 | V19: N | W19: =SUM(FD19*FA19+FL19*FI19+FT19*FQ19+GB19*FY19+GJ19*GG19+GR19*GO19)/X19 -> 1.9826061 | X19: =FD19+FL19+FT19+GB19+GJ19+GR19 -> 3.6338 | Y19: =X19*SQRT(W19)/I19 -> 0.032444983 | Z19: 13.1 | AA19: =Z16 -> 9.5 | AB19: 5.5 | AC19: =AA19/H19*1000 -> 226.94697 | AL19: 1200 | AM19: 159 | AO19: W(46-73,Nfo,Nfo) | AR19: 88.4 | AS19: 88.4 | AT19: 119.2 | AV19: 150 | AW19: N | AX19: 159 | BC19: =AVERAGE('Char measurement'!B122:E129) -> 78.625 | BD19: =MIN('Char measurement'!B122:E129) -> 68 | BE19: =MAX('Char measurement'!B122:E129) -> 90 | BF19: =BC19/AX19 -> 0.49449686 | BR19: 2.4, 4.8, 12 | BS19: Rear | BT19: Front | BV19: 45, 17, x | CB19: 4.6 | CC19: 9.1 | CD19: 2.7 | CQ19: =DC19+DP19+IF(ISNUMBER(EB19),EB19,0)+EM19+EX19 -> 41.86 | CR19: Gypsum Board, Type X (5/8 in) | CS19: =3*15.9 -> 47.7 | CT19: CLT | CU19: 175 | CX19: CLT 5-ply 35mm | CY19: ANSI/APA PRG 320, 2018 compliant | CZ19: =AVERAGE(9.9,8.7,8.8,8.8)/100 -> 0.0905 | DB19: =2*(CB19+CC19)*CD19-X19 -> 70.3462 | DD19: CLT | DE19: 175 | DJ19: CLT 5-ply 35mm | DK19: ANSI/APA PRG 320, 2018 compliant | DL19: 0.072 | DO19: =CB19*CC19 -> 41.86 | DP19: =CB19*CC19 -> 41.86 | DQ19: Plywood 7 mm | DR19: 7 | DS19: fibre cement sheet | DT19: =12.7*2 -> 25.4 | DU19: Gypsum Board, Type X (5/8 in) | DV19: =2*15.9 -> 31.8 | EA19: =CB19*CC19 -> 41.86 | EB19: incl. in FL | EY19: 3 | EZ19: 1.8 | FA19: 2 | FB19: 0 | FC19: 1.8 | FD19: =EZ19*FA19 -> 3.6 | FG19: Rear | FH19: 0.13 | FI19: 0.13 | FJ19: 0.3 | FK19: 2.3 | FL19: =FH19*FI19 -> 0.0169 | FO19: Front | FP19: 0.13 | FQ19: 0.13 | FR19: 1.8 | FS19: 2.3 | FT19: =FP19*FQ19 -> 0.0169 | FW19: Front
C20: 5 | D20: =CONCATENATE($A$16,"_",C20) -> NRCC&NIST_5 | E20: 556 | H20: =CB20*CC20 -> 41.86 | I20: =2*H20+2*(CB20+CC20)*CD20 -> 157.7 | J20: =CQ20/I20 -> 0.15580216 | K20: W | L20: =CQ20/(2*(CB20+CC20)*CD20) -> 0.33211679 | M20: =CQ20/(2*(CB20+CC20)*CD20-X20) -> 0.3492726 | N20: =CQ20/H20 -> 0.58695652 | O20: =DC20/(2*(CB20+CC20)*CD20-X20) -> 0.3492726 | P20: =DP20/H20 -> 0 | V20: N | W20: =SUM(FD20*FA20+FL20*FI20+FT20*FQ20+GB20*FY20+GJ20*GG20+GR20*GO20)/X20 -> 1.9826061 | X20: =FD20+FL20+FT20+GB20+GJ20+GR20 -> 3.6338 | Y20: =X20*SQRT(W20)/I20 -> 0.032444983 | Z20: 9.6 | AA20: =Z16 -> 9.5 | AB20: 9.5 | AC20: =AA20/H20*1000 -> 226.94697 | AL20: 1200 | AM20: 202 | AO20: W(50-70,155-180,185-195) C(32-45,70-144,144-155) | AP20: 185 | AQ20: 144 | AR20: 88.4 | AS20: 88.4 | AT20: 119.2 | AU20: 82.8 | AV20: 140 | AW20: N | AX20: 202 | AY20: =AVERAGE('Char measurement'!G134:N137) -> 131.28125 | AZ20: =MIN('Char measurement'!G134:N137) -> 102 | BA20: =MAX('Char measurement'!G134:N137) -> 141 | BB20: =AY20/AX20 -> 0.64990718 | BC20: =AVERAGE('Char measurement'!B134:E141) -> 61.28125 | BD20: =MIN('Char measurement'!B134:E141) -> 25 | BE20: =MAX('Char measurement'!B134:E141) -> 79 | BF20: =BC20/AX20 -> 0.30337252 | BR20: 2.4, 4.8, 12 | BS20: Rear | BT20: Front | BV20: 40, 15, x | CB20: 4.6 | CC20: 9.1 | CD20: 2.7 | CQ20: =DC20+DP20+IF(ISNUMBER(EB20),EB20,0)+EM20+EX20 -> 24.57 | CR20: Gypsum Board, Type X (5/8 in) | CS20: =3*15.9 -> 47.7 | CT20: CLT | CU20: 175 | CX20: CLT 5-ply 35mm | CY20: ANSI/APA PRG 320, 2018 compliant | CZ20: =AVERAGE(7.8,7.7,7.6,7.9)/100 -> 0.0775 | DB20: =2*(CB20+CC20)*CD20-X20 -> 70.3462 | DC20: =CC20*CD20 -> 24.57 | DD20: Gypsum Board, Type X (5/8 in) | DE20: =3*15.9 -> 47.7 | DF20: CLT | DG20: 175 | DJ20: CLT 5-ply 35mm | DK20: ANSI/APA PRG 320, 2018 compliant | DL20: 0.079 | DO20: =CB20*CC20 -> 41.86 | DQ20: Plywood 7 mm | DR20: 7 | DS20: fibre cement sheet | DT20: =12.7*2 -> 25.4 | DU20: Gypsum Board, Type X (5/8 in) | DV20: =2*15.9 -> 31.8 | EA20: =CB20*CC20 -> 41.86 | EB20: incl. in FL | EY20: 3 | EZ20: 1.8 | FA20: 2 | FB20: 0 | FC20: 1.8 | FD20: =EZ20*FA20 -> 3.6 | FG20: Rear | FH20: 0.13 | FI20: 0.13 | FJ20: 0.3 | FK20: 2.3 | FL20: =FH20*FI20 -> 0.0169 | FO20: Front | FP20: 0.13 | FQ20: 0.13 | FR20: 1.8 | FS20: 2.3 | FT20: =FP20*FQ20 -> 0.0169 | FW20: Front
C21: 6 | D21: =CONCATENATE($A$16,"_",C21) -> NRCC&NIST_6 | E21: 550 | H21: =CB21*CC21 -> 41.86 | I21: =2*H21+2*(CB21+CC21)*CD21 -> 157.7 | J21: =CQ21/I21 -> 0.42124287 | K21: W;C | L21: =CQ21/(2*(CB21+CC21)*CD21) -> 0.89794539 | M21: =CQ21/(2*(CB21+CC21)*CD21-X21) -> 0.94432962 | N21: =CQ21/H21 -> 1.5869565 | O21: =DC21/(2*(CB21+CC21)*CD21-X21) -> 0.3492726 | P21: =DP21/H21 -> 1 | V21: N | W21: =SUM(FD21*FA21+FL21*FI21+FT21*FQ21+GB21*FY21+GJ21*GG21+GR21*GO21)/X21 -> 1.9826061 | X21: =FD21+FL21+FT21+GB21+GJ21+GR21 -> 3.6338 | Y21: =X21*SQRT(W21)/I21 -> 0.032444983 | Z21: 12.9 | AA21: =Z16 -> 9.5 | AB21: 10 | AC21: =AA21/H21*1000 -> 226.94697 | AL21: 1200 | AM21: 160 | AO21: W3(55-108,85-120,125) W4(77-120,93-120,125-130) | AP21: 125 | AR21: 88.4 | AS21: 88.4 | AT21: 119.2 | AW21: N | AX21: 160 | AY21: =AVERAGE('Char measurement'!G146:N149) -> 122.53125 | AZ21: =MIN('Char measurement'!G146:N149) -> 88 | BA21: =MAX('Char measurement'!G146:N149) -> 143 | BB21: =AY21/AX21 -> 0.76582031 | BC21: =AVERAGE('Char measurement'!B146:E153) -> 127.51613 | BD21: =MIN('Char measurement'!B146:E153) -> 13 | BE21: =MAX('Char measurement'!B146:E153) -> 154 | BF21: =BC21/AX21 -> 0.79697581 | BR21: 2.4, 4.8, 12 | BS21: Rear | BT21: Front | BV21: 55, 20, x | CB21: 4.6 | CC21: 9.1 | CD21: 2.7 | CQ21: =DC21+DP21+IF(ISNUMBER(EB21),EB21,0)+EM21+EX21 -> 66.43 | CR21: Gypsum Board, Type X (5/8 in) | CS21: =3*15.9 -> 47.7 | CT21: CLT | CU21: 175 | CX21: CLT 5-ply 35mm | CY21: ANSI/APA PRG 320, 2018 compliant | CZ21: =AVERAGE(7.2,7.7,6.4,6.7)/100 -> 0.07 | DB21: =2*(CB21+CC21)*CD21-X21 -> 70.3462 | DC21: =CC21*CD21 -> 24.57 | DD21: CLT | DE21: 175 | DJ21: CLT 5-ply 35mm | DK21: ANSI/APA PRG 320, 2018 compliant | DL21: 0.079 | DO21: =CB21*CC21 -> 41.86 | DP21: =CB21*CC21 -> 41.86 | DQ21: Plywood 7 mm | DR21: 7 | DS21: fibre cement sheet | DT21: =12.7*2 -> 25.4 | DU21: Gypsum Board, Type X (5/8 in) | DV21: =2*15.9 -> 31.8 | EA21: =CB21*CC21 -> 41.86 | EB21: incl. in FL | EY21: 3 | EZ21: 1.8 | FA21: 2 | FB21: 0 | FC21: 1.8 | FD21: =EZ21*FA21 -> 3.6 | FG21: Rear | FH21: 0.13 | FI21: 0.13 | FJ21: 0.3 | FK21: 2.3 | FL21: =FH21*FI21 -> 0.0169 | FO21: Front | FP21: 0.13 | FQ21: 0.13 | FR21: 1.8 | FS21: 2.3 | FT21: =FP21*FQ21 -> 0.0169 | FW21: Front
A22: NRCC_Room | B22: Su & Al 2018b | C22: 1 | D22: =CONCATENATE($A$22,"_",C22) -> NRCC_Room_1 | E22: 550 | F22: Cribs | G22: 17.5 | H22: =CB22*CC22 -> 10.484301 | I22: =2*H22+2*(CB22+CC22)*CD22 -> 57.722687 | J22: =CQ22/I22 -> 0 | K22: 0 | L22: =CQ22/(2*(CB22+CC22)*CD22) -> 0 | M22: =CQ22/(2*(CB22+CC22)*CD22-X22) -> 0 | N22: =CQ22/H22 -> 0 | O22: =DC22/(2*(CB22+CC22)*CD22-X22) -> 0 | P22: =DP22/H22 -> 0 | V22: N | W22: =SUM(FD22*FA22+FL22*FI22+FT22*FQ22+GB22*FY22+GJ22*GG22+GR22*GO22)/X22 -> 2 | X22: =FD22+FL22+FT22+GB22+GJ22+GR22 -> 1.52 | Y22: =X22*SQRT(W22)/I22 -> 0.037240203 | AC22: =AA22/H22*1000 -> 0 | AE22: 240823 HRR_Experiments.xlsx | AH22: =(CC22-0.1-0.45)-CC22/2 -> 0.6287 | AL22: 1200 | AM22: 167 | AR22: 72.3 | AS22: 72.3 | AT22: 119.2 | AU22: 82.8 | AW22: Y | AX22: 167 | BW22: Five room fire tests were conducted, incorporating mass timber structural elements of beams, columns and second generation CLT panels. The goal of this test series is to further quantify the contribution of mass timber elements to fires and provide additional data for forming the technical basis for exposed mass timber elements in EMTC buildings without significantly increasing fire risks to life and property. The goal includes studying the fire performance of the 2nd generation CLT in resisting char layer fall-off, which could cause fire regrowth in the cooling phase of fully developed fires. The fire tests were conducted without sprinklers in order to achieve this goal. In general, this series of mass timber room fire tests utilized more challenging test conditions than the previous large scale CLT compartment fire tests conducted under the auspices of the Fire Protection Research Foundation (FPRF) [1]. In this series of mass timber room tests, 1. Greater surface area (as a % of total surface area) of exposed timber was used; 2. Less layers of encapsulation (noncombustible fire protection) were used to protect the CLT elements – two layers of 12.7 mm thick Type X gypsum board (instead of three layers of 15.9 mm thick Type X gypsum board); 3. The ventilation factor was the same as the FPRF smaller opening size resulting in a greater fire severity, leading to a more significant fire impact on the mass timber elements; and 4. The same fire load density was used. All tests in this series showed that the second generation CLT with the thermal resistant adhesive improved significantly in fire performance to resist the char layer fall-off. There was no char layer fall-off long after the char front had passed the glue bond line in this test series. The char rate decreased with the increasing char depth to the CLT as the char formed a thermal barrier to heat transfer. For the exposed (unprotected) CLT panels, the char rate was initially in a range of 0.6-1.0 mm/min and then decreased as the char front moved inward through the CLT. For the gypsum-board protected CLT panels, the char rate was less than 0.20 mm/min after the time when the CLT began to char behind the gypsum board. In all tests with exposed mass timber, the peak room temperatures were similar to the baseline (fully encapsulated) but the fully developed fire stages were longer than the baseline as the exposed timber added more fuel load to the rooms. In three of the tests (Tests 1 (baseline), 2 and 4), the fire eventually burned-out leading to self-extinguishment. The results of Test 2 and Test 4 indicate that, under the experimental conditions used in these tests, the current limits described in proposed NBCC (2020) Article 3.1.18.4 to permit some exposed mass timber in EMTC construction would be unlikely to increase the fire risks significantly to life and property. Table 14 lists different scenarios of exposed mass timber surface(s) to be permitted by the proposed Article 3.1.18.4; these scenarios have been demonstrated by Test 2 and Test 4 to be unlikely to cause a significant increase of fire risk. Scenarios 1, 2 and 3 for limits of exposed wall and/or ceiling surface(s) are demonstrated by Test 2. Scenarios 3, 4, 5 and 6 for limits of exposed beam-column-arch and/or ceiling surface(s) are demonstrated by Test 4. It is worthwhile to note that Test 4 used much more exposed mass timber surfaces than the proposed limits, yet the fire burned-out and self-extinguished; the Glulam char rate was in a range of 0.26 to 0.38 mm/min for each exposed side of the beam and column in four hours. Fully exposed beams and columns, equal to 36% of the total perimeter wall area, were used in Test 3. The fire reached the decay phase. The Glulam char rate was in a range of 0.38 to 0.67 mm/min for each exposed side of the beams and columns in four hours. A fully exposed ceiling (100%) and two fully exposed opposing walls (35% perimeter wall area) were used in Test 5, which are in excess of the proposed limits for NBCC and the International Building Code. The room fire reached a fully developed phase, followed by a fire decay phase. During this decay phase, flaming combustion on the exposed CLT surfaces ceased at around 100 min as the char layer insulated the CLT. The char remained on the exposed CLT surfaces long after the char front had passed the first glue-bond line. Meanwhile, the CLT wall panels protected by gypsum board started to produce constant small flames coming through the gypsum board cracks and vertical junctions from 60 min to 220 min. These small flames started to re-ignite the bottom portion of the already-charred exposed opposing CLT walls at 220 min, which gradually moved upward to spread over the exposed CLT wall and ceiling surfaces in the room at 230 min. This series of five room scale fire tests provide new data for quantifying the contribution of mass timber elements to fires and for forming the technical basis for the allowance of some amount(s) of exposed mass timber in the EMTC buildings. | CB22: =4.53-2*CS22/1000 -> 4.4474 | CC22: =2.44-2*CS22/1000 -> 2.3574 | CD22: =2.78-(DE22+DR22)/1000 -> 2.7006 | CQ22: =DC22+DP22+IF(ISNUMBER(EB22),EB22,0)+EM22+EX22 -> 0 | CR22: Gypsum Board, Type X (5/8 in) | CS22: =15.9+2*12.7 -> 41.3 | CT22: CLT | CU22: 175 | CX22: CLT 5-ply 35mm spruce-pine-fir lumber | CY22: ANSI/APA PRG 320, 2018 compliant | CZ22: 0.089 | DB22: =2*(CB22+CC22)*CD22-X22 -> 35.234086 | DD22: Gypsum Board, Type X (5/8 in) | DE22: =15.9+2*12.7 -> 41.3 | DF22: CLT | DG22: 175 | DJ22: CLT 5-ply 35mm spruce-pine-fir lumber | DK22: ANSI/APA PRG 320, 2018 compliant | DL22: 0.089 | DO22: =CB22*CC22 -> 10.484301 | DQ22: Gypsum Board, Type X (5/8 in) | DR22: =3*12.7 -> 38.1 | DS22: CLT | DT22: 175 | EA22: =CB22*CC22 -> 10.484301 | EY22: 1 | EZ22: =0.76 -> 0.76 | FA22: =2 -> 2 | FB22: 0 | FC22: =(CB22-EZ22)/2 -> 1.8437 | FD22: =EZ22*FA22 -> 1.52 | FG22: Front
C23: 2 | D23: =CONCATENATE($A$22,"_",C23) -> NRCC_Room_2 | G23: 17.5 | H23: =CB23*CC23 -> 10.815476 | I23: =2*H23+2*(CB23+CC23)*CD23 -> 59.084968 | J23: =CQ23/I23 -> 0.22424137 | K23: W;C | L23: =CQ23/(2*(CB23+CC23)*CD23) -> 0.3537483 | M23: =CQ23/(2*(CB23+CC23)*CD23-X23) -> 0.36871177 | N23: =CQ23/H23 -> 1.2250311 | O23: =DC23/(2*(CB23+CC23)*CD23-X23) -> 0.33861361 | P23: =DP23/H23 -> 0.1 | V23: N | W23: =SUM(FD23*FA23+FL23*FI23+FT23*FQ23+GB23*FY23+GJ23*GG23+GR23*GO23)/X23 -> 2 | X23: =FD23+FL23+FT23+GB23+GJ23+GR23 -> 1.52 | Y23: =X23*SQRT(W23)/I23 -> 0.036381582 | AC23: =AA23/H23*1000 -> 0 | AE23: 240823 HRR_Experiments.xlsx | AH23: =(CC23-0.1-0.45)-CC23/2 -> 0.6573 | AL23: 1200 | AM23: 247 | AO23: C(95-135,Nfo) W(70-90,Nfo) | AP23: =(40+53)/2 -> 46.5 | AQ23: =(48+56)/2 -> 52 | AR23: 50 | AS23: 50 | AT23: 67.9 | AU23: 63.7 | AW23: Y | AX23: 247 | AY23: =AVERAGE('Char measurement'!F163:I166) -> 68.3125 | AZ23: =MIN('Char measurement'!F163:I166) -> 50 | BA23: =MAX('Char measurement'!F163:I166) -> 95 | BB23: =55/160 -> 0.34375 | BC23: =AVERAGE('Char measurement'!F162:I162) -> 52.5 | BD23: =MIN('Char measurement'!F162:I162) -> 45 | BE23: =MAX('Char measurement'!F162:I162) -> 63 | CB23: =4.53-2*CS23/1000 -> 4.4792 | CC23: =2.44-CS23/1000 -> 2.4146 | CD23: =2.78-(DE23+DR23)/1000 -> 2.7165 | CQ23: =DC23+DP23+IF(ISNUMBER(EB23),EB23,0)+EM23+EX23 -> 13.249294 | CR23: Gypsum Board, Type X (5/8 in) | CS23: =2*12.7 -> 25.4 | CT23: CLT | CU23: 175 | CX23: CLT 5-ply 35mm spruce-pine-fir lumber | CY23: ANSI/APA PRG 320, 2018 compliant | CZ23: 0.07 | DB23: =2*(CB23+CC23)*CD23-X23 -> 35.934015 | DC23: =CB23*CD23 -> 12.167747 | DD23: Gypsum Board, Type X (5/8 in) | DE23: =2*12.7 -> 25.4 | DF23: CLT | DG23: 175 | DJ23: CLT 5-ply 35mm spruce-pine-fir lumber | DK23: ANSI/APA PRG 320, 2018 compliant | DL23: 0.07 | DO23: =CB23*CC23 -> 10.815476 | DP23: =CB23*CC23*10% -> 1.0815476 | DQ23: Gypsum Board, Type X (5/8 in) | DR23: =3*12.7 -> 38.1 | DS23: CLT | DT23: 175 | EA23: =CB23*CC23 -> 10.815476 | EY23: 1 | EZ23: 0.76 | FA23: 2 | FB23: 0 | FC23: =(CB23-EZ23)/2 -> 1.8596 | FD23: =EZ23*FA23 -> 1.52 | FG23: Front
C24: 3 | D24: =CONCATENATE($A$22,"_",C24) -> NRCC_Room_3 | G24: 17.5 | H24: =CB24*CC24 -> 10.701705 | I24: =2*H24+2*(CB24+CC24)*CD24 -> 58.719426 | J24: =CQ24/I24 -> 0.2302567 | K24: B;Co | L24: =CQ24/(2*(CB24+CC24)*CD24) -> 0.36232541 | M24: =CQ24/(2*(CB24+CC24)*CD24-X24) -> 0.37771077 | N24: =CQ24/H24 -> 1.2634007 | O24: =DC24/(2*(CB24+CC24)*CD24-X24) -> 0 | P24: =DP24/H24 -> 0 | R24: =EM24/(EH24*2*(EI24+EJ24)) -> 0.62995448 | S24: =EX24/(ES24*2*(ET24+EU24)) -> 1 | V24: N | W24: =SUM(FD24*FA24+FL24*FI24+FT24*FQ24+GB24*FY24+GJ24*GG24+GR24*GO24)/X24 -> 2 | X24: =FD24+FL24+FT24+GB24+GJ24+GR24 -> 1.52 | Y24: =X24*SQRT(W24)/I24 -> 0.036608066 | AC24: =AA24/H24*1000 -> 0 | AE24: 240823 HRR_Experiments.xlsx | AH24: =(CC24-0.1-0.45)-CC24/2 -> 0.6446 | AL24: 1200 | AM24: 245 | AO24: C(86(125,Nfo) | AP24: =(43+68)/2 -> 55.5 | AQ24: =(51+60)/2 -> 55.5 | AR24: 50 | AS24: 50 | AT24: 67.9 | AU24: 63.7 | AW24: N | AX24: 245 | AY24: =AVERAGE('Char measurement'!$B$176:$M$179) -> 46.615385 | AZ24: =MIN('Char measurement'!$B$176:$M$179) -> 0 | BA24: =MAX('Char measurement'!$B$176:$M$179) -> 83 | BC24: =AVERAGE('Char measurement'!$F$172:$I$175) -> 32.75 | BD24: =MIN('Char measurement'!$F$172:$I$175) -> 0 | BE24: =MAX('Char measurement'!$F$172:$I$175) -> 66 | BJ24: =AVERAGE('Char measurement'!O182:X183) -> 121.95833 | BK24: =MIN('Char measurement'!O182:X183) -> 103.5 | BL24: =MAX('Char measurement'!O182:X183) -> 161 | BM24: 0.46 | BN24: =AVERAGE('Char measurement'!P184:W187) -> 108.375 | BO24: =MIN('Char measurement'!P184:W187) -> 92 | BP24: =MAX('Char measurement'!P184:W187) -> 162.5 | BQ24: 0.46 | CB24: =4.53-2*CS24/1000 -> 4.4792 | CC24: =2.44-2*CS24/1000 -> 2.3892 | CD24: =2.78-(DE24+DR24)/1000 -> 2.7165 | CF24: 0.5 | CQ24: =DC24+DP24+IF(ISNUMBER(EB24),EB24,0)+EM24+EX24 -> 13.520541 | CR24: Gypsum Board, Type X (5/8 in) | CS24: =2*12.7 -> 25.4 | CT24: CLT | CU24: 175 | CX24: CLT 5-ply 35mm spruce-pine-fir lumber | CY24: ANSI/APA PRG 320, 2018 compliant | CZ24: 0.075 | DB24: =2*(CB24+CC24)*CD24-X24 -> 35.796017 | DD24: Gypsum Board, Type X (5/8 in) | DE24: =2*12.7 -> 25.4 | DF24: CLT | DG24: 175 | DJ24: CLT 5-ply 35mm spruce-pine-fir lumber | DK24: ANSI/APA PRG 320, 2018 compliant | DL24: 0.075 | DO24: =CB24*CC24 -> 10.701705 | DQ24: Gypsum Board, Type X (5/8 in) | DR24: =3*12.7 -> 38.1 | DS24: CLT | DT24: 175 | EA24: =CB24*CC24 -> 10.701705 | EC24: 1 | ED24: GLB | EH24: =CB24*EC24 -> 4.4792 | EI24: 0.327 | EJ24: 0.457 | EL24: 3w | EM24: =EC24*((EH24-EN24*ET24)*(2*EJ24+EI24)) -> 4.4244132 | EN24: 2 | EO24: GLB | EQ24: =AVERAGE(9.23,7.43)% -> 0.0833 | ES24: =EX24/(2*(EU24+ET24)) -> 4.976 | ET24: 0.457 | EU24: 0.457 | EW24: 4 | EX24: =EN24*(2*(CD24*ET24+(CD24-EJ24)*EU24)) -> 9.096128 | EY24: 1 | EZ24: 0.76 | FA24: 2 | FB24: 0 | FC24: =(CB24-EZ24)/2 -> 1.8596 | FD24: =EZ24*FA24 -> 1.52 | FG24: Front
C25: 4 | D25: =CONCATENATE($A$22,"_",C25) -> NRCC_Room_4 | G25: 17.5 | H25: =CB25*CC25 -> 10.701705 | I25: =2*H25+2*(CB25+CC25)*CD25 -> 59.068341 | J25: =CQ25/I25 -> 0.28632583 | K25: C;B;Co | L25: =CQ25/(2*(CB25+CC25)*CD25) -> 0.44903285 | M25: =CQ25/(2*(CB25+CC25)*CD25-X25) -> 0.46791599 | N25: =CQ25/H25 -> 1.580383 | O25: =DC25/(2*(CB25+CC25)*CD25-X25) -> 0 | P25: =DP25/H25 -> 0.92699589 | R25: =EM25/(EH25*2*(EI25+EJ25)) -> 0.64006679 | S25: =EX25/(ES25*2*(ET25+EU25)) -> 1 | V25: N | W25: =SUM(FD25*FA25+FL25*FI25+FT25*FQ25+GB25*FY25+GJ25*GG25+GR25*GO25)/X25 -> 2 | X25: =FD25+FL25+FT25+GB25+GJ25+GR25 -> 1.52 | Y25: =X25*SQRT(W25)/I25 -> 0.036391823 | AC25: =AA25/H25*1000 -> 0 | AE25: 240823 HRR_Experiments.xlsx | AH25: =(CC25-0.1-0.45)-CC25/2 -> 0.6446 | AL25: 1170 | AM25: 170 | AP25: =(44+66)/2 -> 55 | AR25: 50 | AT25: 67.9 | AW25: Y | AX25: 240 | AY25: =AVERAGE('Char measurement'!$B$196:$M$199) -> 25.725 | AZ25: =MIN('Char measurement'!$B$196:$M$199) -> 0 | BA25: =MAX('Char measurement'!$B$196:$M$199) -> 45 | BC25: =AVERAGE('Char measurement'!F192:I195) -> 54.0625 | BD25: =MIN('Char measurement'!F192:I195) -> 47 | BE25: =MAX('Char measurement'!F192:I195) -> 66 | BF25: =35/60 -> 0.58333333 | BJ25: =AVERAGE('Char measurement'!O202:U203) -> 78.15 | BK25: =MIN('Char measurement'!O202:U203) -> 69 | BL25: =MAX('Char measurement'!O202:U203) -> 82 | BM25: 0.3 | BN25: =AVERAGE('Char measurement'!P204:Q207) -> 74.5625 | BO25: =MIN('Char measurement'!P204:Q207) -> 62.5 | BP25: =MAX('Char measurement'!P204:Q207) -> 93.5 | BQ25: 0.3 | CB25: =4.53-2*CS25/1000 -> 4.4792 | CC25: =2.44-2*CS25/1000 -> 2.3892 | CD25: =2.78-(DR25)/1000 -> 2.7419 | CQ25: =DC25+DP25+IF(ISNUMBER(EB25),EB25,0)+EM25+EX25 -> 16.912792 | CR25: Gypsum Board, Type X (5/8 in) | CS25: =2*12.7 -> 25.4 | CT25: CLT | CU25: 175 | CX25: CLT 5-ply 35mm spruce-pine-fir lumber | CY25: ANSI/APA PRG 320, 2018 compliant | CZ25: 0.081 | DB25: =2*(CB25+CC25)*CD25-X25 -> 36.144932 | DD25: CLT | DE25: 175 | DJ25: CLT 5-ply 35mm spruce-pine-fir lumber | DK25: ANSI/APA PRG 320, 2018 compliant | DL25: 0.081 | DO25: =CB25*CC25 -> 10.701705 | DP25: =CB25*CC25-CC25*EC25*EI25 -> 9.9204362 | DQ25: Gypsum Board, Type X (5/8 in) | DR25: =3*12.7 -> 38.1 | DS25: CLT | DT25: 175 | EA25: =CB25*CC25 -> 10.701705 | EC25: 1 | ED25: GLB | EH25: =CC25*EC25 -> 2.3892 | EI25: 0.327 | EJ25: 0.457 | EL25: 3w | EM25: =EC25*((EH25-EN25*ET25)*(2*EJ25+EI25)) -> 2.3978602 | EN25: 1 | EO25: GLB | EQ25: 0.08 | ES25: =EX25/(2*(EU25+ET25)) -> 2.5134 | ET25: 0.457 | EU25: 0.457 | EW25: 4 | EX25: =EN25*(2*(CD25*ET25+(CD25-EJ25)*EU25)) -> 4.5944952 | EY25: 1 | EZ25: 0.76 | FA25: 2 | FB25: 0 | FC25: =(CB25-EZ25)/2 -> 1.8596 | FD25: =EZ25*FA25 -> 1.52 | FG25: Front
C26: 5 | D26: =CONCATENATE($A$22,"_",C26) -> NRCC_Room_5 | G26: 17.5 | H26: =CB26*CC26 -> 10.823076 | I26: =2*H26+2*(CB26+CC26)*CD26 -> 59.589661 | J26: =CQ26/I26 -> 0.40149534 | K26: Wo;C | L26: =CQ26/(2*(CB26+CC26)*CD26) -> 0.63054187 | M26: =CQ26/(2*(CB26+CC26)*CD26-X26) -> 0.65685519 | N26: =CQ26/H26 -> 2.2105519 | O26: =DC26/(2*(CB26+CC26)*CD26-X26) -> 0.35970985 | P26: =DP26/H26 -> 1 | V26: N | W26: =SUM(FD26*FA26+FL26*FI26+FT26*FQ26+GB26*FY26+GJ26*GG26+GR26*GO26)/X26 -> 2 | X26: =FD26+FL26+FT26+GB26+GJ26+GR26 -> 1.52 | Y26: =X26*SQRT(W26)/I26 -> 0.036073449 | AC26: =AA26/H26*1000 -> 0 | AE26: 240823 HRR_Experiments.xlsx | AH26: =(CC26-0.1-0.45)-CC26/2 -> 0.6446 | AL26: 1190 | AM26: 250 | AO26: W(230-250) | AP26: =(44+48)/2 -> 46 | AR26: 50 | AT26: 67.9 | AW26: N | AX26: 250 | AY26: =AVERAGE('Char measurement'!D214:E217,'Char measurement'!J214:K217) -> 88.625 | AZ26: =MIN('Char measurement'!D214:E217,'Char measurement'!J214:K217) -> 81 | BA26: =MAX('Char measurement'!D214:E217,'Char measurement'!J214:K217) -> 109 | BB26: =50/170 -> 0.29411765 | BC26: =AVERAGE('Char measurement'!F210:I213) -> 77.5 | BD26: =MIN('Char measurement'!F210:I213) -> 70 | BE26: =MAX('Char measurement'!F210:I213) -> 90 | BF26: =50/230 -> 0.2173913 | CB26: =4.53 -> 4.53 | CC26: =2.44-2*CS26/1000 -> 2.3892 | CD26: =2.78-(DR26)/1000 -> 2.7419 | CF26: 0.5 | CQ26: =DC26+DP26+IF(ISNUMBER(EB26),EB26,0)+EM26+EX26 -> 23.924971 | CR26: Gypsum Board, Type X (5/8 in) | CS26: =2*12.7 -> 25.4 | CT26: CLT | CU26: 175 | CX26: CLT 5-ply 35mm spruce-pine-fir lumber | CY26: ANSI/APA PRG 320, 2018 compliant | CZ26: 0.071 | DB26: =2*(CB26+CC26)*CD26-X26 -> 36.423509 | DC26: =2*CC26*CD26 -> 13.101895 | DD26: CLT | DE26: 175 | DJ26: CLT 5-ply 35mm spruce-pine-fir lumber | DK26: ANSI/APA PRG 320, 2018 compliant | DL26: 0.071 | DO26: =CB26*CC26 -> 10.823076 | DP26: =CB26*CC26 -> 10.823076 | DQ26: Gypsum Board, Type X (5/8 in) | DR26: =3*12.7 -> 38.1 | DS26: CLT | DT26: 175 | EA26: =CB26*CC26 -> 10.823076 | EY26: 1 | EZ26: 0.76 | FA26: 2 | FB26: 0 | FC26: =(CB26-EZ26)/2 -> 1.885 | FD26: =EZ26*FA26 -> 1.52 | FG26: Front
A27: NRC Misc | B27: Su&Muradori | C27: 1 | D27: =CONCATENATE("NRCC_Elevator_",C27) -> NRCC_Elevator_1 | E27: 790 | F27: Residential fuel load | G27: 16.5 | H27: =CB27*CC27 -> 23.694528 | I27: =2*H27+2*(CB27+CC27)*CD27 -> 100.11918 | J27: =CQ27/I27 -> 0 | K27: 0 | L27: =CQ27/(2*(CB27+CC27)*CD27) -> 0 | M27: =CQ27/(2*(CB27+CC27)*CD27-X27) -> 0 | N27: =CQ27/H27 -> 0 | V27: N | W27: =SUM(FD27*FA27+FL27*FI27+FT27*FQ27+GB27*FY27+GJ27*GG27+GR27*GO27)/X27 -> 1.88 | X27: =FD27+FL27+FT27+GB27+GJ27+GR27 -> 4.7 | Y27: =X27*SQRT(W27)/I27 -> 0.064366441 | AC27: =AA27/H27*1000 -> 0 | AL27: 1090 | AM27: 120 | AO27: C(?,15.7) W(?, 60.9) | AP27: 60.9 | AQ27: 15.7 | AR27: 66.1 | AT27: 98.9 | AU27: 30.5 | AW27: N | AX27: 120 | AY27: 5 | AZ27: 0.1 | BA27: 25 | BC27: 70 | BD27: 35 | BE27: 80 | BW27: A large-scale fire demonstration was conducted to observe and validate the fire safety performance of a cross-laminated-timber stair/elevator shaft as an alternative solution to shaft of noncombustible construction for the proposed 13-storey residential mass timber building project – "Origine". The large-scale demonstration setup represented a section of the proposed building, consisting of a 9-meter high stair/elevator shaft and an adjacent apartment unit constructed using 175-mm thick 5-ply CLT structural panels. The interior of the apartment was finished with gypsum board according to the design of the proposed “Origine” project. No gypsum board was installed on the outside of the apartment except for a limited area around the window and door openings. The CLT stair/elevator shaft was completely exposed both inside and outside without any gypsum lining. The fire was started in the apartment furnished with bed, upholstered sofa and chairs, wooden furniture and wood cribs. The fire load density of the room contents in the apartment was 790 MJ/m2, equivalent to the 95th percentile of a residential fire load. The fire demonstration was conducted without sprinklers and simulated a worse-case scenario where sprinklers might fail to operate or control the fire. The first item ignited was the upholstered loveseat. Flashover occurred at 2 min 35 s. A highintensity fast growing fire, which was more severe than the standard fire used in fire-resistance tests, was developed in the apartment with the room contents. The CLT in the apartment ceiling was impacted by the fire after 15 min and was fully involved in the fire after 30 min. From 40 to 60 min, the fire reduced in intensity due to the char layer formed on the ceiling CLT surface and also due to the room contents being partially consumed. At approximately 60 min, many pieces of the charred first ply fell from the ceiling CLT panels and the second ply was exposed to the fire. Vigorous burning occurred again on the ceiling. Starting from 75 min, the contribution of the CLT ceiling panels to the fire gradually reduced. After 90 min, the fire in the apartment continued to decay until the end of the demonstration. The fire was contained within the room boundaries until the end of the demonstration. Shortly after 120 min, the fire was extinguished using a water hose. This duration was chosen in advance by the parties involved in planning the fire demonstration, considering that floor and loadbearing wall assemblies for any building taller than six storeys are required by the NBCC to meet a 2-h fire resistance rating although this fire demonstration was not a standard fire resistance test. Figure 32 and Figure 33 show the inside and outside of the apartment and the stair/elevator shaft after the fire demonstration. Inside the apartment, the wall and ceiling panels were protected using gypsum board with and without insulation. The encapsulation time for the CLT ceiling panels using a single layer of 16 mm thick Type X gypsum board and 90 mm thick fiberglass insulation installed using steel furring and Z channel, was approximately 15 min. After this time, the ceiling CLT panels became involved in the fire. Two surface plies of the CLT were charred and consumed during the demonstration. However, the remaining plies of the CLT ceiling panels were not significantly affected by the fire. As shown in Figure 32, the third ply of the CLT ceiling panels charred at some locations, but remained mostly unaffected. There was no flame penetration through the A large-scale fire demonstration was conducted to observe and validate the fire safety performance of a cross-laminated-timber stair/elevator shaft as an alternative solution to shaft of noncombustible construction for the proposed 13-storey residential mass timber building project – "Origine". The large-scale demonstration setup represented a section of the proposed building, consisting of a 9-meter high stair/elevator shaft and an adjacent apartment unit constructed using 175-mm thick 5-ply CLT structural panels. The interior of the apartment was finished with gypsum board according to the design of the proposed “Origine” project. No gypsum board was installed on the outside of the apartment except for a limited area around the window and door openings. The CLT stair/elevator shaft was completely exposed both inside and outside without any gypsum lining. The fire was started in the apartment furnished with bed, upholstered sofa and chairs, wooden furniture and wood cribs. The fire load density of the room contents in the apartment was 790 MJ/m2, equivalent to the 95th percentile of a residential fire load. The fire demonstration was conducted without sprinklers and simulated a worse-case scenario where sprinklers might fail to operate or control the fire. The first item ignited was the upholstered loveseat. Flashover occurred at 2 min 35 s. A highintensity fast growing fire, which was more severe than the standard fire used in fire-resistance tests, was developed in the apartment with the room contents. The CLT in the apartment ceiling was impacted by the fire after 15 min and was fully involved in the fire after 30 min. From 40 to 60 min, the fire reduced in intensity due to the char layer formed on the ceiling CLT surface and also due to the room contents being partially consumed. At approximately 60 min, many pieces of the charred first ply fell from the ceiling CLT panels and the second ply was exposed to the fire. Vigorous burning occurred again on the ceiling. Starting from 75 min, the contribution of the CLT ceiling panels to the fire gradually reduced. After 90 min, the fire in the apartment continued to decay until the end of the demonstration. The fire was contained within the room boundaries until the end of the demonstration. Shortly after 120 min, the fire was extinguished using a water hose. This duration was chosen in advance by the parties involved in planning the fire demonstration, considering that floor and loadbearing wall assemblies for any building taller than six storeys are required by the NBCC to meet a 2-h fire resistance rating although this fire demonstration was not a standard fire resistance test. Figure 32 and Figure 33 show the inside and outside of the apartment and the stair/elevator shaft after the fire demonstration. Inside the apartment, the wall and ceiling panels were protected using gypsum board with and without insulation. The encapsulation time for the CLT ceiling panels using a single layer of 16 mm thick Type X gypsum board and 90 mm thick fiberglass insulation installed using steel furring and Z channel, was approximately 15 min. After this time, the ceiling CLT panels became involved in the fire. Two surface plies of the CLT were charred and consumed during the demonstration. However, the remaining plies of the CLT ceiling panels were not significantly affected by the fire. As shown in Figure 32, the third ply of the CLT ceiling panels charred at some locations, but remained mostly unaffected. There was no flame penetration through theA large-scale fire demonstration was conducted to observe and validate the fire safety performance of a cross-laminated-timber stair/elevator shaft as an alternative solution to shaft of noncombustible construction for the proposed 13-storey residential mass timber building project – "Origine". The large-scale demonstration setup represented a section of the proposed building, consisting of a 9-meter high stair/elevator shaft and an adjacent apartment unit constructed using 175-mm thick 5-ply CLT structural panels. The interior of the apartment was finished with gypsum board according to the design of the proposed “Origine” project. No gypsum board was installed on the outside of the apartment except for a limited area around the window and door openings. The CLT stair/elevator shaft was completely exposed both inside and outside without any gypsum lining. The fire was started in the apartment furnished with bed, upholstered sofa and chairs, wooden furniture and wood cribs. The fire load density of the room contents in the apartment was 790 MJ/m2, equivalent to the 95th percentile of a residential fire load. The fire demonstration was conducted without sprinklers and simulated a worse-case scenario where sprinklers might fail to operate or control the fire. The first item ignited was the upholstered loveseat. Flashover occurred at 2 min 35 s. A highintensity fast growing fire, which was more severe than the standard fire used in fire-resistance tests, was developed in the apartment with the room contents. The CLT in the apartment ceiling was impacted by the fire after 15 min and was fully involved in the fire after 30 min. From 40 to 60 min, the fire reduced in intensity due to the char layer formed on the ceiling CLT surface and also due to the room contents being partially consumed. At approximately 60 min, many pieces of the charred first ply fell from the ceiling CLT panels and the second ply was exposed to the fire. Vigorous burning occurred again on the ceiling. Starting from 75 min, the contribution of the CLT ceiling panels to the fire gradually reduced. After 90 min, the fire in the apartment continued to decay until the end of the demonstration. The fire was contained within the room boundaries until the end of the demonstration. Shortly after 120 min, the fire was extinguished using a water hose. This duration was chosen in advance by the parties involved in planning the fire demonstration, considering that floor and loadbearing wall assemblies for any building taller than six storeys are required by the NBCC to meet a 2-h fire resistance rating although this fire demonstration was not a standard fire resistance test. Figure 32 and Figure 33 show the inside and outside of the apartment and the stair/elevator shaft after the fire demonstration. Inside the apartment, the wall and ceiling panels were protected using gypsum board with and without insulation. The encapsulation time for the CLT ceiling panels using a single layer of 16 mm thick Type X gypsum board and 90 mm thick fiberglass insulation installed using steel furring and Z channel, was approximately 15 min. After this time, the ceiling CLT panels became involved in the fire. Two surface plies of the CLT were charred and consumed during the demonstration. However, the remaining plies of the CLT ceiling panels were not significantly affected by the fire. As shown in Figure 32, the third ply of the CLT ceiling panels charred at some locations, but remained mostly unaffected. There was no flame penetration through the CLT ceiling panels during the demonstration. The temperatures measured on the outside of the ceiling assembly increased by less than 46°C above the ambient temperature. For the CLT wall panels protected using two layers of 16 mm thick Type X gypsum board, the encapsulation time was approximately 60 min. Subsequently, the CLT interior surface developed char. However, there was no flaming combustion in the CLT wall assemblies with the double layers of the gypsum board remaining on the walls until the end of the demonstration. Only the surface ply of the CLT wall panels was charred inside the apartment. The temperatures measured on the outside of the CLT walls increased by less than 4ºC during the demonstration. The shared wall between the apartment and the stair/elevator shaft was protected on the apartment side using two layers of 16 mm thick Type X gypsum board, a steel stud frame wall filled with rigid mineral wool fibre insulation and a layer of 13 mm thick regular gypsum board. The temperature rise values measured by the nine thermocouples located on the face layer of the 16 mm thick Type X gypsum board behind the insulated steel stud wall reached 270°C at a single point at 22.2 min, and the average temperature rise value reached 250°C on average at 30.5 min, indicating that the insulated steel stud wall provided extra 22-30 min protection for the CLT panels. The average temperature rise measured by the nine thermocouples at the CLT surface on the apartment side of the CLT panels was less than 210°C at the end of the demonstration, well below the 250°C average temperature rise criterion. Only a quarter of the wall surface in the apartment (upper left quarter) experienced higher temperature rises. Based on the single point temperature rise of 270°C, the encapsulation time for this quarter was more than 90 min. The CLT interfacial temperatures in the upper left quarter reached 300C at 95 min or later but remained below 400C with the two layers of the gypsum board staying on the CLT until the end of the demonstration. There was less than 5 mm deep char developed on the CLT surface in the upper left quarter. The other three quarters of the CLT panels in this wall remained at 100- 130°C till end of the demonstration and had no charring on the CLT surface. The impact of the fire on the CLT shaft wall was very limited even on the fire side. The stair/elevator shaft was pressurized to 12 Pa above ambient. Measurements show that no smoke or heat was transferred into the stair/elevator shaft. The temperatures measured on the shaft side of the shared CLT wall had no temperature increase during the demonstration. There was no sign of any impact of fire or smoke on the safety conditions in the stair/elevator shaft. | CB27: 4.576 | CC27: 5.178 | CD27: 2.703 | CQ27: =DC27+DP27+IF(ISNUMBER(EB27),EB27,0)+EM27+EX27 -> 0 | CR27: Gypsum Board, Type X (5/8 in) | CS27: =2*15.9 -> 31.8 | CT27: CLT | CU27: =35*5 -> 175 | CX27: CLT 5-ply 35mm | CY27: ANSI/APA PRG 320, 2018 compliant | DB27: =2*(CB27+CC27)*CD27-X27 -> 48.030124 | DD27: Gypsum Board, Type X (5/8 in) | DE27: 15.9 | DF27: CLT | DG27: 175 | DH27: GlassFibre 1 | DI27: 90 | DJ27: CLT 5-ply 35mm | DK27: ANSI/APA PRG 320, 2018 compliant | DO27: =CB27*CC27 -> 23.694528 | DQ27: Plywood 7 mm | DR27: 7 | DS27: concrete | DT27: 200 | EY27: 1 | EZ27: 2.5 | FA27: 1.88 | FB27: 0 | FC27: =(CB27-EZ27)/2 -> 1.038 | FD27: =EZ27*FA27 -> 4.7 | FG27: Front
B28: Su&Lougheed | C28: 1 | D28: NRCC_Encaps_LWF1 | E28: - | F28: Residential fuel load | G28: 17.5 | H28: =8.5*6.5 -> 55.25 | I28: =2*H28+2*(8.5+6.5)*2.4 -> 182.5 | J28: 0 | K28: 0 | L28: 0 | M28: =CQ28/(2*(CB28+CC28)*CD28-X28) -> 0 | N28: =CQ28/H28 -> 0 | V28: N | W28: 1.5 | X28: =2*1.5*1.5 -> 4.5 | Y28: =X28*SQRT(W28)/I28 -> 0.030199189 | Z28: 8 | AC28: =AA28/H28*1000 -> 0 | AL28: 1200 | AW28: ' | AX28: 78 | BR28: 2.4 | BT28: Front | BV28: 25 | BW28: The fire research activities conducted under the mid-rise research project investigated the encapsulation approach to protect the combustible structural elements to develop information to be used as the basis for alternative/acceptable solutions to meet the NBC fire safety requirements for mid-rise buildings (5- and 6-storey) using wood structural elements. Bench-, intermediate- and large-scale apartment fire experiments were conducted to evaluate the encapsulation approach. The experimental results have demonstrated the effectiveness of the encapsulation approach in delaying the time at which the wood structural elements are affected by and eventually contribute to the growth and spread of fire, if at all. The LWF test structures performed at least as well as the LSF structure (a code-conforming solution) in limiting the involvement of the structural materials in the fire. None of the LWF floor assemblies below the fire floor or the loadbearing wall assemblies were affected by, or contributed to, the fire during the tests. The wood structural elements in the ceiling/floor assembly above the fire floor did not contribute to the growth and spread of the fire until after 45 min in the Apt LWF1 test and 35 min in the Apt LWF2 test. This was well after the failure of the encapsulation system that protected the steel structural elements in the ceiling/floor assembly in the LSF test. It was also after the time at which the exterior wall assembly was breached in the LSF test, resulting in a rapid increase in the fire size in the LSF apartment with the increased ventilation to the fire. The LWF apartment test results suggest that encapsulation should be addressed using a system approach, ensuring the junctions between the assemblies do not become the weak points for fire penetration. This system approach should also apply to lightweight steel systems. The CLT apartment fire test lasted for nearly 3 hours. After approximately 40 min when the furniture and room contents in the test apartment had been consumed, there was a continuous decay of the fire. As such, the compartmentation provided by the CLT structural assemblies allowed complete burn out of the apartment contents. None of the CLT panels contributed to fire growth or spread until after 175 min. After 170 min, visible flames were observed on the CLT panels along the centerline of the living room. The flames soon spread to the entire ceiling. The CLT test structure performed better than the LSF structure in limiting the involvement of the structural materials in fire and in limiting the contribution of the structural materials to the growth and spread of fire. The encapsulation times determined using the intermediate-scale furnace tests provided reasonable representation of the encapsulation times determined based on full-scale furnace and large-scale apartment tests. Therefore, the intermediate-scale tests can be used as a tool for screening the performance of encapsulation materials. The research developed generic wood-based exterior wall assemblies with the wood elements and insulation material protected using noncombustible or low-combustible materials and/or fire retardant panels to limit exterior fire spread. The CAN/ULC-S134 tests conducted for this project demonstrated that a range of generic exterior wall systems can be constructed using LWF and CLT structural elements that meet the NBC requirements of limiting fire spread on the exterior surface (Sentences 3.1.5.5.(3) and 3.1.5.5.(4) in Division B of the 2010 NBC). The generic wood-based exterior wall assemblies also met the building envelope performance required by the NBC. The research developed six generic staggered-stud wall assemblies for high structural load applications in mid-rise (5-6 storeys) wood buildings, with the fire endurance periods of 75– 98 min. These wall assemblies meet the NBC requirements for fire resistance and acoustic ratings for mid-rise buildings.
C29: 2 | D29: NRCC_Encaps_CLT | K29: 0 | L29: =CQ29/(2*(CB29+CC29)*CD29) -> #DIV/0! | M29: =CQ29/(2*(CB29+CC29)*CD29-X29) -> #DIV/0! | N29: =CQ29/H29 -> #DIV/0! | V29: N | Z29: 8.2 | AC29: =AA29/H28*1000 -> 0 | AL29: 1200 | AW29: ' | AX29: 185 | BR29: 2.4 | BT29: Front | BV29: 25
C30: 3 | D30: NRCC_Encaps_LSF | K30: 0 | L30: =CQ30/(2*(CB30+CC30)*CD30) -> #DIV/0! | M30: =CQ30/(2*(CB30+CC30)*CD30-X30) -> #DIV/0! | N30: =CQ30/H30 -> #DIV/0! | V30: N | Z30: 10.4 | AC30: =AA30/H28*1000 -> 0 | AL30: 1200 | AW30: ' | AX30: 74 | BR30: 2.4 | BT30: Front | BV30: 34
C31: 4 | D31: NRCC_Encaps_LWF2 | K31: 0 | L31: =CQ31/(2*(CB31+CC31)*CD31) -> #DIV/0! | M31: =CQ31/(2*(CB31+CC31)*CD31-X31) -> #DIV/0! | N31: =CQ31/H31 -> #DIV/0! | V31: N | Z31: 10.5 | AC31: =AA31/H28*1000 -> 0 | AL31: 1000 | AW31: ' | AX31: 62 | BR31: 2.4 | BT31: Front | BV31: 30
A32: Edinburgh University | B32: Hadden & Al 2017 | C32: 1 | D32: =CONCATENATE("Edimb_",C32) -> Edimb_1 | E32: 132 | F32: Cribs | G32: 17.5 | H32: =CB32*CC32 -> 7.263025 | I32: =2*H32+2*(CB32+CC32)*CD32 -> 44.38665 | J32: =CQ32/I32 -> 0.33636916 | K32: Wc (Alpha 1) | L32: =CQ32/(2*(CB32+CC32)*CD32) -> 0.5 | M32: =CQ32/(2*(CB32+CC32)*CD32-X32) -> 0.52456592 | N32: =CQ32/H32 -> 2.0556586 | O32: =DC32/(2*(CB32+CC32)*CD32-X32) -> 0.52456592 | P32: =DP32/H32 -> 0 | V32: N | W32: =SUM(FD32*FA32+FL32*FI32+FT32*FQ32+GB32*FY32+GJ32*GG32+GR32*GO32)/X32 -> 1.84 | X32: =FD32+FL32+FT32+GB32+GJ32+GR32 -> 1.3984 | Y32: =X32*SQRT(W32)/I32 -> 0.042735418 | Z32: 5.267 | AC32: =AA32/H32*1000 -> 0 | AE32: 240823 HRR_Experiments.xlsx | AL32: 1174 | AM32: 61 | AO32: W(23-?) | AP32: 23 | AR32: 49 | AS32: 49 | AT32: 66 | AU32: 63 | AW32: N | AX32: 61.3 | AY32: =BA32*23/31 -> 39.322581 | AZ32: =0.75*AY32 -> 29.491935 | BA32: 53 | BB32: 0.81 | BW32: The above analysis highlights several important issues relevant to understanding the compartment fire dynamics of compartments with exposed cross laminated timber linings. The primary conclusion is that auto-extinction has been observed in compartments with two surfaces of exposed timber. This is, however, shown to be dependent on the char layer remaining attached i.e. ‘delamination’ or fall-off does not occur, during the combustion of the compartment fuel load or during the decay period. For compartment configurations with three exposed timber surfaces, auto-extinction was not observed. This is attributed to the heat transfer between the exposed timber surfaces preventing the critical heat flux for extinction being reached. The measured peak compartment temperatures were not substantially different from those predicted by existing correlations suggesting that exposed timber surfaces have only a small influence on the compartment temperature. The total heat release rate was, however, found to be higher than predicted using existing methodologies developed for compartments with inert linings and fuel loads located on the floor. This suggests that further work to quantify the effect of fuel position within the compartment is required. A method based on comparison the burning duration of the compartment fuel load and the characteristic thermal penetration time of the timber layers has been shown to provide explanation of the observed fire dynamics and the onset of auto-extinction. Although this has scope to be developed for engineering applications there are several issues which must first be understood in more detail. These include the effects of the burning surface configurations on the burning of the compartment fuel load and, the loss of integrity of encapsulation systems and the effect this has on the compartment fire dynamics. | CB32: =2.72-CS32/1000 -> 2.695 | CC32: =2.72-CS32/1000 -> 2.695 | CD32: 2.77 | CF32: 0.5 | CQ32: =DC32+DP32+IF(ISNUMBER(EB32),EB32,0)+EM32+EX32 -> 14.9303 | CR32: plasterBoard Type F | CS32: =2*12.5 -> 25 | CT32: CLT | CU32: 100 | CV32: plasterBoard Type F | CW32: 12.5 | CX32: CLT 5-ply 20mm spruce - PU | CZ32: 0.12 | DB32: =2*(CB32+CC32)*CD32-X32 -> 28.4622 | DC32: =(CB32+CC32)*CD32 -> 14.9303 | DD32: plasterBoard Type F | DE32: =2*12.5 -> 25 | DF32: CLT | DG32: 100 | DH32: plasterBoard Type F | DI32: 12.5 | DJ32: CLT 5-ply 20mm spruce - PU | DL32: 0.12 | DO32: =CB32*CC32 -> 7.263025 | DQ32: plasterBoard Type F | DR32: =2*12.5 -> 25 | DS32: Stone wool insulation | DT32: 50 | DU32: concrete | DV32: 200 | EY32: 1 | EZ32: 0.76 | FA32: 1.84 | FB32: 0 | FC32: =(CB32-EZ32)/2 -> 0.9675 | FD32: =EZ32*FA32 -> 1.3984 | FG32: Front
C33: 2 | D33: =CONCATENATE("Edimb_",C33) -> Edimb_2 | H33: =CB33*CC33 -> 7.263025 | I33: =2*H33+2*(CB33+CC33)*CD33 -> 44.38665 | J33: =CQ33/I33 -> 0.33636916 | K33: Wc (Alpha 2) | L33: =CQ33/(2*(CB33+CC33)*CD33) -> 0.5 | M33: =CQ33/(2*(CB33+CC33)*CD33-X33) -> 0.52456592 | N33: =CQ33/H33 -> 2.0556586 | O33: =DC33/(2*(CB33+CC33)*CD33-X33) -> 0.52456592 | P33: =DP33/H33 -> 0 | V33: N | W33: =SUM(FD33*FA33+FL33*FI33+FT33*FQ33+GB33*FY33+GJ33*GG33+GR33*GO33)/X33 -> 1.84 | X33: =FD33+FL33+FT33+GB33+GJ33+GR33 -> 1.3984 | Y33: =X33*SQRT(W33)/I33 -> 0.042735418 | Z33: 4.677 | AC33: =AA33/H33*1000 -> 0 | AE33: 240823 HRR_Experiments.xlsx | AL33: 1174 | AM33: 60 | AO33: W(25-?) | AP33: 25 | AR33: 49 | AS33: 49 | AT33: 66 | AU33: 63 | AV33: 40 ? | AW33: N | AX33: 60 | AY33: =BA33*23/34 -> 35.852941 | AZ33: =0.75*AY33 -> 26.889706 | BA33: 53 | BB33: 0.72 | CB33: =CB32 -> 2.695 | CC33: =CC32 -> 2.695 | CD33: 2.77 | CF33: 0.5 | CQ33: =DC33+DP33+IF(ISNUMBER(EB33),EB33,0)+EM33+EX33 -> 14.9303 | CR33: plasterBoard Type F | CS33: =2*12.5 -> 25 | CT33: CLT | CU33: 100 | CV33: Stone wool insulation | CW33: 50 | CX33: CLT 5-ply 20mm spruce - PU | CZ33: 0.12 | DB33: =2*(CB33+CC33)*CD33-X33 -> 28.4622 | DC33: =DC32 -> 14.9303 | DD33: plasterBoard Type F | DE33: =2*12.5 -> 25 | DF33: CLT | DG33: 100 | DH33: Stone wool insulation | DI33: 50 | DJ33: CLT 5-ply 20mm spruce - PU | DL33: 0.12 | DO33: =CB33*CC33 -> 7.263025 | DQ33: plasterBoard Type F | DR33: =2*12.5 -> 25 | DS33: Stone wool insulation | DT33: 50 | DU33: concrete | DV33: 200 | EY33: 1 | EZ33: 0.76 | FA33: 1.84 | FB33: 0 | FC33: =(CB33-EZ33)/2 -> 0.9675 | FD33: =EZ33*FA33 -> 1.3984 | FG33: Front
C34: 3 | D34: =CONCATENATE("Edimb_",C34) -> Edimb_3 | H34: =CB34*CC34 -> 7.3304 | I34: =2*H34+2*(CB34+CC34)*CD34 -> 44.6599 | J34: =CQ34/I34 -> 0.33284445 | K34: W;C (Beta 1) | L34: =CQ34/(2*(CB34+CC34)*CD34) -> 0.4955082 | M34: =CQ34/(2*(CB34+CC34)*CD34-X34) -> 0.51973553 | N34: =CQ34/H34 -> 2.0278293 | O34: =DC34/(2*(CB34+CC34)*CD34-X34) -> 0.26343411 | P34: =DP34/H34 -> 1 | V34: N | W34: =SUM(FD34*FA34+FL34*FI34+FT34*FQ34+GB34*FY34+GJ34*GG34+GR34*GO34)/X34 -> 1.84 | X34: =FD34+FL34+FT34+GB34+GJ34+GR34 -> 1.3984 | Y34: =X34*SQRT(W34)/I34 -> 0.042473943 | Z34: 6.213 | AC34: =AA34/H34*1000 -> 0 | AE34: 240823 HRR_Experiments.xlsx | AL34: 1174 | AM34: 60 | AR34: 49 | AT34: 66 | AW34: Y | AX34: 60 | AY34: 11 | AZ34: =0.75*AY34 -> 8.25 | BA34: 15 | BB34: 0.53 | BC34: 10 | BD34: =BC34*0.75 -> 7.5 | BE34: 13 | BF34: 0.5 | CB34: 2.72 | CC34: =CC33 -> 2.695 | CD34: =2.77 -> 2.77 | CQ34: =DC34+DP34+IF(ISNUMBER(EB34),EB34,0)+EM34+EX34 -> 14.8648 | CR34: plasterBoard Type F | CS34: =2*12.5 -> 25 | CT34: CLT | CU34: 100 | CV34: Stone wool insulation | CW34: 50 | CX34: CLT 5-ply 20mm spruce - PU | CZ34: 0.12 | DB34: =2*(CB34+CC34)*CD34-X34 -> 28.6007 | DC34: =CB34*CD34 -> 7.5344 | DD34: CLT | DE34: 100 | DF34: Stone wool insulation | DG34: 50 | DH34: plasterBoard Type F | DI34: 12.5 | DJ34: CLT 5-ply 20mm spruce - PU | DL34: 0.12 | DO34: =CB34*CC34 -> 7.3304 | DP34: =CB34*CC34 -> 7.3304 | DQ34: plasterBoard Type F | DR34: =2*12.5 -> 25 | DS34: Stone wool insulation | DT34: 50 | DU34: concrete | DV34: 200 | EY34: 1 | EZ34: 0.76 | FA34: 1.84 | FB34: 0 | FC34: =(CB34-EZ34)/2 -> 0.98 | FD34: =EZ34*FA34 -> 1.3984 | FG34: Front
C35: 4 | D35: =CONCATENATE("Edimb_",C35) -> Edimb_4 | H35: =CB35*CC35 -> 7.3304 | I35: =2*H35+2*(CB35+CC35)*CD35 -> 44.6599 | J35: =CQ35/I35 -> 0.33284445 | K35: W;C (Beta 2) | L35: =CQ35/(2*(CB35+CC35)*CD35) -> 0.4955082 | M35: =CQ35/(2*(CB35+CC35)*CD35-X35) -> 0.51973553 | N35: =CQ35/H35 -> 2.0278293 | O35: =DC35/(2*(CB35+CC35)*CD35-X35) -> 0.26343411 | P35: =DP35/H35 -> 1 | V35: N | W35: =SUM(FD35*FA35+FL35*FI35+FT35*FQ35+GB35*FY35+GJ35*GG35+GR35*GO35)/X35 -> 1.84 | X35: =FD35+FL35+FT35+GB35+GJ35+GR35 -> 1.3984 | Y35: =X35*SQRT(W35)/I35 -> 0.042473943 | Z35: 5.248 | AC35: =AA35/H35*1000 -> 0 | AE35: 240823 HRR_Experiments.xlsx | AL35: 1174 | AM35: 63 | AO35: W/C(23-?) | AP35: 23 | AR35: 49 | AT35: 66 | AV35: 20,40 ? | AW35: Y | AX35: 62.5 | AY35: =BA35*26/38 -> 30.105263 | AZ35: =0.75*AY35 -> 22.578947 | BA35: 44 | BB35: 0.73 | BC35: =AY35*10/11 -> 27.368421 | BD35: =BC35*0.75 -> 20.526316 | BE35: =BA35*10/11 -> 40 | BF35: 0.69 | CB35: =CB34 -> 2.72 | CC35: =CC34 -> 2.695 | CD35: =CD34 -> 2.77 | CF35: 0.5 | CQ35: =DC35+DP35+IF(ISNUMBER(EB35),EB35,0)+EM35+EX35 -> 14.8648 | CR35: plasterBoard Type F | CS35: =2*12.5 -> 25 | CT35: CLT | CU35: 100 | CV35: Stone wool insulation | CW35: 50 | CX35: CLT 5-ply 20mm spruce - PU | CZ35: 0.12 | DB35: =2*(CB35+CC35)*CD35-X35 -> 28.6007 | DC35: =DC34 -> 7.5344 | DD35: CLT | DE35: 100 | DF35: Stone wool insulation | DG35: 50 | DH35: plasterBoard Type F | DI35: 12.5 | DJ35: CLT 5-ply 20mm spruce - PU | DL35: 0.12 | DO35: =CB35*CC35 -> 7.3304 | DP35: =CB35*CC35 -> 7.3304 | DQ35: plasterBoard Type F | DR35: =2*12.5 -> 25 | DS35: Stone wool insulation | DT35: 50 | DU35: concrete | DV35: 200 | EY35: 1 | EZ35: 0.76 | FA35: 1.84 | FB35: 0 | FC35: =(CB35-EZ35)/2 -> 0.98 | FD35: =EZ35*FA35 -> 1.3984 | FG35: Front
C36: 5 | D36: =CONCATENATE("Edimb_",C36) -> Edimb_5 | H36: =CB36*CC36 -> 7.263025 | I36: =2*H36+2*(CB36+CC36)*CD36 -> 44.38665 | J36: =CQ36/I36 -> 0.5 | K36: Wc;C (Gamma) | L36: =CQ36/(2*(CB36+CC36)*CD36) -> 0.74323105 | M36: =CQ36/(2*(CB36+CC36)*CD36-X36) -> 0.77974735 | N36: =CQ36/H36 -> 3.0556586 | O36: =DC36/(2*(CB36+CC36)*CD36-X36) -> 0.52456592 | P36: =DP36/H36 -> 1 | V36: N | W36: =SUM(FD36*FA36+FL36*FI36+FT36*FQ36+GB36*FY36+GJ36*GG36+GR36*GO36)/X36 -> 1.84 | X36: =FD36+FL36+FT36+GB36+GJ36+GR36 -> 1.3984 | Y36: =X36*SQRT(W36)/I36 -> 0.042735418 | Z36: 6.6679 | AC36: =AA36/H36*1000 -> 0 | AE36: 240823 HRR_Experiments.xlsx | AL36: 1174 | AM36: 78 | AO36: W/C ? | AR36: 49 | AT36: 66 | AW36: N | AX36: 78 | AY36: =BA36*26/38 -> 39.684211 | AZ36: =0.75*AY36 -> 29.763158 | BA36: 58 | BB36: 0.75 | BC36: =AY36*10/11 -> 36.076555 | BD36: =BC36*0.75 -> 27.057416 | BE36: =BA36*10/11 -> 52.727273 | BF36: 0.6 | CB36: =CB32 -> 2.695 | CC36: =CC32 -> 2.695 | CD36: =CD35 -> 2.77 | CF36: 0.25 | CQ36: =DC36+DP36+IF(ISNUMBER(EB36),EB36,0)+EM36+EX36 -> 22.193325 | CR36: plasterBoard Type F | CS36: =2*12.5 -> 25 | CT36: CLT | CU36: 100 | CV36: Stone wool insulation | CW36: 50 | CX36: CLT 5-ply 20mm spruce - PU | CZ36: 0.12 | DB36: =2*(CB36+CC36)*CD36-X36 -> 28.4622 | DC36: =DC32 -> 14.9303 | DD36: CLT | DE36: 100 | DF36: Stone wool insulation | DG36: 50 | DH36: plasterBoard Type F | DI36: 12.5 | DJ36: CLT 5-ply 20mm spruce - PU | DL36: 0.12 | DO36: =CB36*CC36 -> 7.263025 | DP36: =CB36*CC36 -> 7.263025 | DQ36: plasterBoard Type F | DR36: =2*12.5 -> 25 | DS36: Stone wool insulation | DT36: 50 | DU36: concrete | DV36: 200 | EY36: 1 | EZ36: 0.76 | FA36: 1.84 | FB36: 0 | FC36: =(CB36-EZ36)/2 -> 0.9675 | FD36: =EZ36*FA36 -> 1.3984 | FG36: Front
A37: Edinburgh Univ | B37: Emberley & Al | C37: 1 | D37: =CONCATENATE("Emb_",C37) -> Emb_1 | E37: 110 | F37: Cribs | G37: =E37*H37/80 -> 16.470234 | H37: =CB37*CC37 -> 11.978352 | I37: =2*H37+2*(CB37+CC37)*CD37 -> 60.297204 | J37: =CQ37/I37 -> 0.34876164 | K37: W;C | L37: =CQ37/(2*(CB37+CC37)*CD37) -> 0.57867536 | M37: =CQ37/(2*(CB37+CC37)*CD37-X37) -> 0.60856743 | N37: =CQ37/H37 -> 1.7556131 | O37: =DC37/(2*(CB37+CC37)*CD37-X37) -> 0.26192647 | P37: =DP37/H37 -> 1 | V37: N | W37: =SUM(FD37*FA37+FL37*FI37+FT37*FQ37+GB37*FY37+GJ37*GG37+GR37*GO37)/X37 -> 2.1 | X37: =FD37+FL37+FT37+GB37+GJ37+GR37 -> 1.785 | Y37: =X37*SQRT(W37)/I37 -> 0.042899348 | AA37: 4 | AC37: =AA37/H37*1000 -> 333.93575 | AL37: 1000 | AR37: 51.5 | AT37: 70.8 | AW37: Y | AX37: =5*60+32 -> 332 | AY37: 15 | AZ37: =0.75*AY37 -> 11.25 | BA37: 20 | BC37: 15 | BD37: =BC37*0.75 -> 11.25 | BE37: 20 | BW37: This paper has demonstrated that self-extinction in CLT can occur in both small and large-scale tests. Small scale tests have shown that: • The critical heat flux for self-extinction of Radiata Pine CLT is 45 kW/m2; • The time to steady-state burning for Radiata Pine CLT is 10 min; • The minimum time to debonding for Radiata Pine CLT (with lamella 45×20×20×20×45 mm) is 30 min. The large-scale test has shown that: • If debonding is prevented, self-extinction can occur in a compartment with exposed CLT on a wall and ceiling; • Self-extinction of the CLT wall and ceiling occurred when the maximum incident heat flux reduced below 45 kW/m2; • When self-extinction occurred it began at the base of the exposed surface, and progressed to the ceiling. It is therefore concluded that if uncertainties associated with debonding are minimized then self-extinction can be achieved during the steady-state burning phase of CLT. The limitations of this work are such that it is recommended that the key parameters that may induce uncertainty in the compartment conditions are further investigated. | CB37: =3.5-CS37/1000 -> 3.474 | CC37: =3.5-2*CS37/1000 -> 3.448 | CD37: =3.075-2*0.15-(DE37+DG37+DI37)/1000 -> 2.625 | CQ37: =DC37+DP37+IF(ISNUMBER(EB37),EB37,0)+EM37+EX37 -> 21.029352 | CR37: plasterBoard Type F | CS37: =2*13 -> 26 | CT37: CLT | CU37: 150 | CX37: CLT 5-ply 45x20x20x20x45 | CY37: Xlam Radiata Pine | DB37: =2*(CB37+CC37)*CD37-X37 -> 34.5555 | DC37: =CC37*CD37 -> 9.051 | DD37: CLT | DE37: 150 | DJ37: CLT 5-ply 45x20x20x20x45 | DK37: Xlam Radiata Pine | DP37: =CB37*CC37 -> 11.978352 | DQ37: fibre cement sheet | DR37: 22 | DS37: KAOWOOL | DT37: 50 | DU37: CLT | DV37: 150 | EY37: 1 | EZ37: 0.85 | FA37: 2.1 | FB37: 0 | FC37: =(CB37-EZ37)/2 -> 1.312 | FD37: =EZ37*FA37 -> 1.785 | FG37: Front
A38: USDA | B38: Zelinka & Al 2018 | C38: 1 | D38: =CONCATENATE($A$38,"_",C38) -> USDA_1 | E38: 570 | F38: Residential fuel load | G38: 17.5 | H38: =CB38*CC38 -> 82.381037 | I38: =2*H38+2*(CB38+CC38)*CD38 -> 262.91426 | J38: =CQ38/I38 -> 0 | K38: 0 | L38: =CQ38/(2*(CB38+CC38)*CD38) -> 0 | M38: =CQ38/(2*(CB38+CC38)*CD38-X38) -> 0 | N38: =CQ38/H38 -> 0 | O38: =DC38/(2*(CB38+CC38)*CD38-X38) -> 0 | P38: =DP38/H38 -> 0 | V38: N | W38: =SUM(FD38*FA38+FL38*FI38+FT38*FQ38+GB38*FY38+GJ38*GG38+GR38*GO38)/X38 -> 2.44 | X38: =FD38+FL38+FT38+GB38+GJ38+GR38 -> 17.8608 | Y38: =X38*SQRT(W38)/I38 -> 0.1061162 | Z38: 18.5 | AC38: =AA38/H38*1000 -> 0 | AL38: 1100 | AM38: 180 | AR38: 66.1 | AS38: 66.1 | AT38: 98.9 | AU38: 75.2 | AW38: Y | AX38: 180 | BW38: This report presents the results of five full-scale compartment fire tests performed under an oxygen calorimetry heat release rate hood on a two-story CLT building. The tests examined the effect of exposed walls and ceilings on a realistic, full-size apartment to better understand the contribution of CLT to a compartment fire, life safety of occupants, and firefighter safety. Additionally, two tests examined the effect of automatic sprinkler systems. The research was carried out in support of the mission of the ICC Ad Hoc Committee on Tall Wood Building | CB38: =9.14-2*CS38/1000 -> 9.0764 | CC38: =9.14-2*CS38/1000 -> 9.0764 | CD38: =2.74-(DR38+DT38)/1000 -> 2.7035 | CQ38: =DC38+DP38+IF(ISNUMBER(EB38),EB38,0)+EM38+EX38 -> 0 | CR38: Gypsum Board, Type X (5/8 in) | CS38: =2*15.9 -> 31.8 | CT38: CLT | CU38: 175 | CX38: CLT 5-ply 35mm Douglas Fir_Larch _ PU | CZ38: 0.12 | DB38: =2*(CB38+CC38)*CD38-X38 -> 80.29139 | DD38: Gypsum Board, Type X (5/8 in) | DE38: =2*15.9 -> 31.8 | DF38: CLT | DG38: 175 | DH38: fibre cement sheet | DI38: =2*12.7 -> 25.4 | DJ38: CLT 5-ply 35mm Douglas Fir_Larch _ PU | DL38: 0.12 | DO38: =CB38*CC38 -> 82.381037 | DQ38: HARDWOOD | DR38: 11.1 | DS38: fibre cement sheet | DT38: =2*12.7 -> 25.4 | DU38: CLT | DV38: 175 | EA38: =CB38*CC38 -> 82.381037 | EB38: incl. in FL | EC38: Neglected and taken into account in exposed surfaces of exposed wall & ceiling | EN38: Neglected and taken into account in exposed surfaces of exposed wall & ceiling | EY38: 2 | EZ38: 3.66 | FA38: 2.44 | FB38: 0 | FC38: =(CB38/2-EZ38)/2 -> 0.4391 | FD38: =EZ38*FA38 -> 8.9304 | FG38: Front | FH38: 3.66 | FI38: 2.44 | FJ38: 0 | FK38: =CB38/2+FC38 -> 4.9773 | FL38: =FH38*FI38 -> 8.9304 | FO38: Front
C39: 2 | D39: =CONCATENATE($A$38,"_",C39) -> USDA_2 | H39: =CB39*CC39 -> 82.381037 | I39: =2*H39+2*(CB39+CC39)*CD39 -> 262.91426 | J39: =CQ39/I39 -> 0.031786027 | K39: C | L39: =CQ39/(2*(CB39+CC39)*CD39) -> 0.085143287 | M39: =CQ39/(2*(CB39+CC39)*CD39-X39) -> 0.10408339 | N39: =CQ39/H39 -> 0.10144325 | O39: =DC39/(2*(CB39+CC39)*CD39-X39) -> 0 | P39: =DP39/H39 -> 0.10144325 | V39: N | W39: =SUM(FD39*FA39+FL39*FI39+FT39*FQ39+GB39*FY39+GJ39*GG39+GR39*GO39)/X39 -> 2.44 | X39: =FD39+FL39+FT39+GB39+GJ39+GR39 -> 17.8608 | Y39: =X39*SQRT(W39)/I39 -> 0.1061162 | Z39: 23.3 | AC39: =AA39/H39*1000 -> 0 | AL39: 1175 | AM39: 240 | AR39: 66.1 | AS39: 66.1 | AT39: 98.9 | AU39: 75.2 | AW39: Y | AX39: 240 | BC39: 23 | BD39: 23 | BE39: 23 | CB39: =9.14-2*CS39/1000 -> 9.0764 | CC39: =9.14-2*CS39/1000 -> 9.0764 | CD39: =2.74-(DR39+DT39)/1000 -> 2.7035 | CQ39: =DC39+DP39+IF(ISNUMBER(EB39),EB39,0)+EM39+EX39 -> 8.357 | CR39: Gypsum Board, Type X (5/8 in) | CS39: =2*15.9 -> 31.8 | CT39: CLT | CU39: 175 | CX39: CLT 5-ply 35mm Douglas Fir_Larch _ PU | CZ39: 0.12 | DB39: =2*(CB39+CC39)*CD39-X39 -> 80.29139 | DD39: Gypsum Board, Type X (5/8 in) | DE39: =2*15.9 -> 31.8 | DF39: CLT | DG39: 175 | DH39: fibre cement sheet | DI39: =2*12.7 -> 25.4 | DJ39: CLT 5-ply 35mm Douglas Fir_Larch _ PU | DL39: 0.12 | DO39: =CB39*CC39 -> 82.381037 | DP39: =2.74*3.05 -> 8.357 | DQ39: HARDWOOD | DR39: 11.1 | DS39: fibre cement sheet | DT39: =2*12.7 -> 25.4 | DU39: CLT | DV39: 175 | EA39: =CB39*CC39 -> 82.381037 | EB39: incl. in FL | EC39: Neglected and taken into account in exposed surfaces of exposed wall & ceiling | EN39: Neglected and taken into account in exposed surfaces of exposed wall & ceiling | EY39: 2 | EZ39: 3.66 | FA39: 2.44 | FB39: 0 | FC39: =(CB39/2-EZ39)/2 -> 0.4391 | FD39: =EZ39*FA39 -> 8.9304 | FG39: Front | FH39: 3.66 | FI39: 2.44 | FJ39: 0 | FK39: =CB39/2+FC39 -> 4.9773 | FL39: =FH39*FI39 -> 8.9304 | FO39: Front
C40: 3 | D40: =CONCATENATE($A$38,"_",C40) -> USDA_3 | H40: =CB40*CC40 -> 82.958296 | I40: =2*H40+2*(CB40+CC40)*CD40 -> 264.41267 | J40: =CQ40/I40 -> 0.12473949 | K40: W | L40: =CQ40/(2*(CB40+CC40)*CD40) -> 0.33486309 | M40: =CQ40/(2*(CB40+CC40)*CD40-X40) -> 0.40903562 | N40: =CQ40/H40 -> 0.3975817 | O40: =DC40/(2*(CB40+CC40)*CD40-X40) -> 0.40903562 | P40: =DP40/H40 -> 0 | V40: N | W40: =SUM(FD40*FA40+FL40*FI40+FT40*FQ40+GB40*FY40+GJ40*GG40+GR40*GO40)/X40 -> 2.44 | X40: =FD40+FL40+FT40+GB40+GJ40+GR40 -> 17.8608 | Y40: =X40*SQRT(W40)/I40 -> 0.10551484 | Z40: 20.9 | AC40: =AA40/H40*1000 -> 0 | AL40: 1150 | AM40: 240 | AR40: 66.1 | AS40: 66.1 | AT40: 98.9 | AU40: 75.2 | AV40: 100- 115 | AW40: Y | AX40: 240 | AY40: ='Char measurement'!D244 -> 32.666667 | AZ40: ='Char measurement'!B242 -> 23 | BA40: ='Char measurement'!C244 -> 50 | CB40: =9.14 -> 9.14 | CC40: =9.14-2*CS40/1000 -> 9.0764 | CD40: =2.74-(DR40+DT40)/1000 -> 2.7035 | CQ40: =DC40+DP40+IF(ISNUMBER(EB40),EB40,0)+EM40+EX40 -> 32.9827 | CR40: Gypsum Board, Type X (5/8 in) | CS40: =2*15.9 -> 31.8 | CT40: CLT | CU40: 175 | CX40: CLT 5-ply 35mm Douglas Fir_Larch _ PU | CZ40: 0.12 | DB40: =2*(CB40+CC40)*CD40-X40 -> 80.635275 | DC40: =6.1*CD40*2 -> 32.9827 | DD40: Gypsum Board, Type X (5/8 in) | DE40: =2*15.9 -> 31.8 | DF40: CLT | DG40: 175 | DH40: fibre cement sheet | DI40: =2*12.7 -> 25.4 | DJ40: CLT 5-ply 35mm Douglas Fir_Larch _ PU | DL40: 0.12 | DO40: =CB40*CC40 -> 82.958296 | DQ40: HARDWOOD | DR40: 11.1 | DS40: fibre cement sheet | DT40: =2*12.7 -> 25.4 | DU40: CLT | DV40: 175 | EA40: =CB40*CC40 -> 82.958296 | EB40: incl. in FL | EC40: Neglected and taken into account in exposed surfaces of exposed wall & ceiling | EN40: Neglected and taken into account in exposed surfaces of exposed wall & ceiling | EY40: 2 | EZ40: 3.66 | FA40: 2.44 | FB40: 0 | FC40: =(CB40/2-EZ40)/2 -> 0.455 | FD40: =EZ40*FA40 -> 8.9304 | FG40: Front | FH40: 3.66 | FI40: 2.44 | FJ40: 0 | FK40: =CB40/2+FC40 -> 5.025 | FL40: =FH40*FI40 -> 8.9304 | FO40: Front
C41: 4 | D41: =CONCATENATE($A$38,"_",C41) -> USDA_4 | H41: =CB41*CC41 -> 82.958296 | I41: =2*H41+2*(CB41+CC41)*CD41 -> 264.41267 | J41: =CQ41/I41 -> 0.33559928 | K41: W;C;Sp | L41: =CQ41/(2*(CB41+CC41)*CD41) -> 0.9009161 | M41: =CQ41/(2*(CB41+CC41)*CD41-X41) -> 1.10047 | N41: =CQ41/H41 -> 1.0696543 | O41: =DC41/(2*(CB41+CC41)*CD41-X41) -> 0.40903562 | P41: =DP41/H41 -> 0.67207263 | T41: 8 | U41: 2.37 | V41: N | W41: =SUM(FD41*FA41+FL41*FI41+FT41*FQ41+GB41*FY41+GJ41*GG41+GR41*GO41)/X41 -> 2.44 | X41: =FD41+FL41+FT41+GB41+GJ41+GR41 -> 17.8608 | Y41: =X41*SQRT(W41)/I41 -> 0.10551484 | Z41: 0.001 | AC41: =AA41/H41*1000 -> 0 | AL41: <500 | AM41: 180 | AR41: 66.1 | AS41: 66.1 | AT41: 98.9 | AU41: 75.2 | AW41: Y | AX41: =5+52/60 -> 5.8666667 | AY41: 0.5 | AZ41: 0 | BA41: 0 | BC41: 0.5 | BD41: 0 | BE41: 0 | CB41: =9.14 -> 9.14 | CC41: =9.14-2*CS41/1000 -> 9.0764 | CD41: =2.74-(DR41+DT41)/1000 -> 2.7035 | CQ41: =DC41+DP41+IF(ISNUMBER(EB41),EB41,0)+EM41+EX41 -> 88.7367 | CR41: Gypsum Board, Type X (5/8 in) | CS41: =2*15.9 -> 31.8 | CT41: CLT | CU41: 175 | CX41: CLT 5-ply 35mm Douglas Fir_Larch _ PU | CZ41: 0.12 | DB41: =2*(CB41+CC41)*CD41-X41 -> 80.635275 | DC41: =6.1*CD41*2 -> 32.9827 | DD41: Gypsum Board, Type X (5/8 in) | DE41: =2*15.9 -> 31.8 | DF41: CLT | DG41: 175 | DH41: fibre cement sheet | DI41: =2*12.7 -> 25.4 | DJ41: CLT 5-ply 35mm Douglas Fir_Larch _ PU | DL41: 0.12 | DO41: =CB41*CC41 -> 82.958296 | DP41: =6.1*CB41 -> 55.754 | DQ41: HARDWOOD | DR41: 11.1 | DS41: fibre cement sheet | DT41: =2*12.7 -> 25.4 | DU41: CLT | DV41: 175 | EA41: =CB41*CC41 -> 82.958296 | EB41: incl. in FL | EC41: Neglected and taken into account in exposed surfaces of exposed wall & ceiling | EN41: Neglected and taken into account in exposed surfaces of exposed wall & ceiling | EY41: 2 | EZ41: 3.66 | FA41: 2.44 | FB41: 0 | FC41: =(CB41/2-EZ41)/2 -> 0.455 | FD41: =EZ41*FA41 -> 8.9304 | FG41: Front | FH41: 3.66 | FI41: 2.44 | FJ41: 0 | FK41: =CB41/2+FC41 -> 5.025 | FL41: =FH41*FI41 -> 8.9304 | FO41: Front
C42: 5 | D42: =CONCATENATE($A$38,"_",C42) -> USDA_5 | H42: =CB42*CC42 -> 82.958296 | I42: =2*H42+2*(CB42+CC42)*CD42 -> 264.41267 | J42: =CQ42/I42 -> 0.33559928 | K42: W;C;Sp | L42: =CQ42/(2*(CB42+CC42)*CD42) -> 0.9009161 | M42: =CQ42/(2*(CB42+CC42)*CD42-X42) -> 1.10047 | N42: =CQ42/H42 -> 1.0696543 | O42: =DC42/(2*(CB42+CC42)*CD42-X42) -> 0.40903562 | P42: =DP42/H42 -> 0.67207263 | T42: 8 | U42: 23 | V42: N | W42: =SUM(FD42*FA42+FL42*FI42+FT42*FQ42+GB42*FY42+GJ42*GG42+GR42*GO42)/X42 -> 2.44 | X42: =FD42+FL42+FT42+GB42+GJ42+GR42 -> 17.8608 | Y42: =X42*SQRT(W42)/I42 -> 0.10551484 | Z42: 5.7 | AC42: =AA42/H42*1000 -> 0 | AL42: 620 | AM42: 180 | AR42: 66.1 | AS42: 66.1 | AT42: 98.9 | AU42: 75.2 | AW42: Y | AX42: 30 | AY42: 1 | AZ42: 0.1 | BA42: 12 | BC42: 1 | BD42: 0.1 | BE42: 10 | CB42: =9.14 -> 9.14 | CC42: =9.14-2*CS42/1000 -> 9.0764 | CD42: =2.74-(DR42+DT42)/1000 -> 2.7035 | CQ42: =DC42+DP42+IF(ISNUMBER(EB42),EB42,0)+EM42+EX42 -> 88.7367 | CR42: Gypsum Board, Type X (5/8 in) | CS42: =2*15.9 -> 31.8 | CT42: CLT | CU42: 175 | CX42: CLT 5-ply 35mm Douglas Fir_Larch _ PU | CZ42: 0.12 | DB42: =2*(CB42+CC42)*CD42-X42 -> 80.635275 | DC42: =6.1*CD42*2 -> 32.9827 | DD42: Gypsum Board, Type X (5/8 in) | DE42: =2*15.9 -> 31.8 | DF42: CLT | DG42: 175 | DH42: fibre cement sheet | DI42: =2*12.7 -> 25.4 | DJ42: CLT 5-ply 35mm Douglas Fir_Larch _ PU | DL42: 0.12 | DO42: =CB42*CC42 -> 82.958296 | DP42: =6.1*CB42 -> 55.754 | DQ42: HARDWOOD | DR42: 11.1 | DS42: fibre cement sheet | DT42: =2*12.7 -> 25.4 | DU42: CLT | DV42: 175 | EA42: =CB42*CC42 -> 82.958296 | EB42: incl. in FL | EC42: Neglected and taken into account in exposed surfaces of exposed wall & ceiling | EN42: Neglected and taken into account in exposed surfaces of exposed wall & ceiling | EY42: 2 | EZ42: 3.66 | FA42: 2.44 | FB42: 0 | FC42: =(CB42/2-EZ42)/2 -> 0.455 | FD42: =EZ42*FA42 -> 8.9304 | FG42: Front | FH42: 3.66 | FI42: 2.44 | FJ42: 0 | FK42: =CB42/2+FC42 -> 5.025 | FL42: =FH42*FI42 -> 8.9304 | FO42: Front
A43: Cerib | B43: Epernon Fire Test 2019 | C43: 1 | D43: =CONCATENATE("Epernon_",C43) -> Epernon_1 | E43: 891 | F43: Cribs | G43: 17.5 | H43: =CB43*CC43 -> 24 | I43: =2*H43+2*(CB43+CC43)*CD43 -> 98.4 | J43: =CQ43/I43 -> 0.21006098 | K43: C | L43: =CQ43/(2*(CB43+CC43)*CD43) -> 0.41011905 | M43: =CQ43/(2*(CB43+CC43)*CD43-X43) -> 0.51163366 | N43: =CQ43/H43 -> 0.86125 | P43: =DP43/H43 -> 0.86125 | V43: N | W43: =SUM(FD43*FA43+FL43*FI43+FT43*FQ43+GB43*FY43+GJ43*GG43+GR43*GO43)/X43 -> 2 | X43: =FD43+FL43+FT43+GB43+GJ43+GR43 -> 10 | Y43: =X43*SQRT(W43)/I43 -> 0.14372089 | AC43: =AA43/H43*1000 -> 0 | AE43: Epernon | AL43: 1192 | AM43: 240 | AV43: 40-60 | AW43: Y | AX43: =29/2*60 -> 870 | BC43: =33*(5-3.5) -> 49.5 | BD43: =BC43 -> 49.5 | BE43: =BD43 -> 49.5 | BF43: =BC43/(AX43-10) -> 0.05755814 | BW43: The Épernon Fire Tests Programme has shed light on a number of issues which should be considered when assessing a building using a fire safety engineering approach to provide an adequate level of safety. The higher external flaming resulting from the use of a combustible ceiling compared to a noncombustible ceiling could lead to more severe impacts on neighbouring buildings or more rapid storey-to-storey fire spread resulting from combustible cladding materials or window-to-window (i.e. break-out, break-in) fire spread. This topic needs to be further investigated and quantified. The CLT slabs that were tested during this project did not experience delamination, but rather progressive char-fall off throughout the test – even though the adhesive used was not heat resistant. There is a need to better understand both delamination of uncharred timber lamellae and char fall-off during fire – the impact of parameters such as influence of loading, adhesive performance at elevated temperatures and CLT manufacturing and layouts should be investigated and quantified. The thermomechanical behaviour of CLT slabs, both under heating and decay phases, needs further research. In particular, the main challenge is to predict the positioning of the “effective layer”, depending on the thermal exposure, the geometry of the CLT cross-section and the material properties (thermal and mechanical, both under heating and decay phase). The failure of the CLT slab under scenario 2 after 29 hours highlights the importance of the investigation of self-extinguishment and smouldering of timber. As such, questions like the impact of the ratio of exposed timber on self-extinguishment and the use of passive protection to efficiently encapsulate the timber are of high importance. As was performed in the Épernon Fire Tests Programme, a similar “fire resistance vs fire performance” approach with different fire scenarios could be conducted on protected fire timber elements to define relevant parameters (i.e. fall-off times of passive protection, acceptable temperature behind the passive protection to ensure the non-contribution of timber to fire), especially since those parameters have been defined so far using a standard approach (i.e. furnace testing). This can follow the research work already performed on the area (Su et al, 2018 [25], [26]) and on-going work in the ARC PR14 project in Australia [27]. The experiments performed in the research presented in this report involved comparatively small compartments, which are not full representative of a large, open plan office occupancy, for instance. Additional research is needed to better understand the impacts of combustible ceilings on fire development and growth in large compartments with distributed fuel loads | CB43: 6 | CC43: 4 | CD43: 2.52 | CQ43: =DC43+DP43+IF(ISNUMBER(EB43),EB43,0)+EM43+EX43 -> 20.67 | CR43: concrete, lightweight | CS43: 300 | DD43: CLT | DE43: =33*5 -> 165 | DJ43: CLT 5-ply 35mm Spruce _ PU | DL43: 0.126 | DM43: 450 | DO43: =CB43*CC43 -> 24 | DP43: =5.3*3.9 -> 20.67 | DQ43: plasterBoard Type F | DR43: 25 | DS43: Stone wool insulation | DT43: 25 | DU43: concrete | DV43: 100 | EY43: 2 | EZ43: 2.5 | FA43: 2 | FB43: 0 | FC43: =(CB43/2-EZ43)/2 -> 0.25 | FD43: =EZ43*FA43 -> 5 | FG43: Front | FH43: 2.5 | FI43: 2 | FJ43: 0 | FK43: =CB43/2+FC43 -> 3.25 | FL43: =FH43*FI43 -> 5 | FO43: Front
C44: 2 | D44: =CONCATENATE("Epernon_",C44) -> Epernon_2 | H44: =CB44*CC44 -> 24 | I44: =2*H44+2*(CB44+CC44)*CD44 -> 98.4 | J44: =CQ44/I44 -> 0.21006098 | K44: C | L44: =CQ44/(2*(CB44+CC44)*CD44) -> 0.41011905 | M44: =CQ44/(2*(CB44+CC44)*CD44-X44) -> 0.4503268 | N44: =CQ44/H44 -> 0.86125 | P44: =DP44/H44 -> 0.86125 | V44: N | W44: =SUM(FD44*FA44+FL44*FI44+FT44*FQ44+GB44*FY44+GJ44*GG44+GR44*GO44)/X44 -> 1.2 | X44: =FD44+FL44+FT44+GB44+GJ44+GR44 -> 4.5 | Y44: =X44*SQRT(W44)/I44 -> 0.050096575 | Z44: =H43/X44 -> 5.3333333 | AC44: =AA44/H44*1000 -> 0 | AE44: Epernon | AL44: 1199 | AM44: 240 | AV44: 45-65 | AW44: Y | AX44: =29/2*60 -> 870 | BC44: =33*(5-2.5) -> 82.5 | BD44: =BC44 -> 82.5 | BE44: =BD44 -> 82.5 | BF44: =BC44/(AX44-15) -> 0.096491228 | CB44: 6 | CC44: 4 | CD44: 2.52 | CQ44: =DC44+DP44+IF(ISNUMBER(EB44),EB44,0)+EM44+EX44 -> 20.67 | CR44: concrete, lightweight | CS44: 300 | DD44: CLT | DE44: =33*5 -> 165 | DJ44: CLT 5-ply 35mm Spruce _ PU | DL44: 0.1105 | DM44: 450 | DO44: =CB44*CC44 -> 24 | DP44: =5.3*3.9 -> 20.67 | DQ44: plasterBoard Type F | DR44: 25 | DS44: Stone wool insulation | DT44: 25 | DU44: concrete | DV44: 100 | EY44: 3 | EZ44: 1.25 | FA44: 1.2 | FB44: 1 | FC44: 0.25 | FD44: =EZ44*FA44 -> 1.5 | FG44: Front | FH44: 1.25 | FI44: 1.2 | FJ44: 1 | FK44: =(CB43-FH44)/2 -> 2.375 | FL44: =FH44*FI44 -> 1.5 | FO44: Front | FP44: 1.25 | FQ44: 1.2 | FR44: 1 | FS44: =(CB43-FC44-FP44) -> 4.5 | FT44: =FP44*FQ44 -> 1.5 | FW44: Front
C45: 3 | D45: =CONCATENATE("Epernon_",C45) -> Epernon_3 | H45: =CB45*CC45 -> 24 | I45: =2*H45+2*(CB45+CC45)*CD45 -> 98.4 | J45: =CQ45/I45 -> 0.21006098 | K45: C | L45: =CQ45/(2*(CB45+CC45)*CD45) -> 0.41011905 | M45: =CQ45/(2*(CB45+CC45)*CD45-X45) -> 0.42883817 | N45: =CQ45/H45 -> 0.86125 | P45: =DP45/H45 -> 0.86125 | V45: N | W45: =SUM(FD45*FA45+FL45*FI45+FT45*FQ45+GB45*FY45+GJ45*GG45+GR45*GO45)/X45 -> 2 | X45: =FD45+FL45+FT45+GB45+GJ45+GR45 -> 2.2 | Y45: =X45*SQRT(W45)/I45 -> 0.031618596 | Z45: =H44/X45 -> 10.909091 | AC45: =AA45/H45*1000 -> 0 | AE45: Epernon | AL45: 1200 | AM45: 108 | AV45: 65-85 | AW45: N | AX45: 100 | BC45: 78 | BD45: =BC45 -> 78 | BE45: =BD45 -> 78 | BF45: =86/(108-18) -> 0.95555556 | CB45: 6 | CC45: 4 | CD45: 2.52 | CF45: 0.5 | CQ45: =DC45+DP45+IF(ISNUMBER(EB45),EB45,0)+EM45+EX45 -> 20.67 | CR45: concrete, lightweight | CS45: 300 | DD45: CLT | DE45: =33*5 -> 165 | DJ45: CLT 5-ply 35mm Spruce _ PU | DL45: 0.106 | DM45: 450 | DO45: =CB45*CC45 -> 24 | DP45: =5.3*3.9 -> 20.67 | DQ45: plasterBoard Type F | DR45: 25 | DS45: Stone wool insulation | DT45: 25 | DU45: concrete | DV45: 100 | EY45: 1 | EZ45: 1.1 | FA45: 2 | FB45: 0 | FC45: =(CB45-EZ45)/2 -> 2.45 | FD45: =EZ45*FA45 -> 2.2 | FG45: Front
A46: NRCC_LS | B46: Su & Al 2023 | C46: 1 | D46: =CONCATENATE($A$46,"_",C46) -> NRCC_LS_1 | E46: 613 | F46: Residential fuel load | G46: 18 | H46: =CB46*CC46 -> 22.4 | I46: =2*H46+2*(CB46+CC46)*CD46 -> 99.88 | J46: 0 | K46: 0 | L46: =CQ46/(2*(CB46+CC46)*CD46) -> 1.3017429 | M46: =CQ46/(2*(CB46+CC46)*CD46-X46) -> 1.4271497 | N46: =CQ46/H46 -> 3.2008929 | O46: =DC46/(2*(CB46+CC46)*CD46-X46) -> 0.9852707 | P46: =DP46/H46 -> 0.99107143 | V46: N | W46: =SUM(FD46*FA46+FL46*FI46+FT46*FQ46+GB46*FY46+GJ46*GG46+GR46*GO46)/X46 -> 2.2 | X46: =FD46+FL46+FT46+GB46+GJ46+GR46 -> 4.84 | Y46: =X46*SQRT(W46)/I46 -> 0.071875051 | AA46: 8 | AC46: =AA46/H46*1000 -> 357.14286 | AL46: 1250 | AM46: 244 | AW46: Y | AX46: 244 | AY46: 25 | AZ46: 25 | BA46: 25 | BC46: 25 | BD46: 25 | BE46: 25 | BR46: 3.5 | BS46: Front | BT46: Above | BU46: 310 | BV46: 28.5 | BW46: This series of the large scale fire tests produced new scientific data on the fire performance of mass timber in open plan office and residential buildings, fire safety at mass timber construction sites, as well as influence of exposed mass timber on fire severity and duration. - The average char depths in the exposed mass timber members were well within the design allowance according to CSA O86-19 for the structural members of 2-hour fireresistance rating in all the tests. - Some exposed CLT ceiling experienced localized delamination in the cooling period during the tests but this did not cause any re-ignition or fire regrowth. - Since deep-seated hot spots and smouldering remained after the tests, firefighting operations were required in order to ensure the hot spots were fully extinguished. - The conditions in the stairwell were not adversely affected in any test.  The test structure remained stable and solid after enduring the five severe fire tests with a total of 19 hours of fire exposure. This became more obvious in the demolition process of the test structure. Test 1 simulated a code-prescribed noncombustible construction baseline residential suite with code-compliant combustible interior linings. Test 2 involved a residential suite constructed of mass timber columns, beam and ceiling with greater exposed surfaces than allowed by the NBC 2020. - In general, the fire in the mass timber suite behaved similarly to the fire in the baseline suite for the residential test scenario, including the growth, full developed and decay stages. Both tests lasted for more than four hours. - In both Test 1 and Test 2, flashover occurred at similar times, the fire plumes reached similar heights, and the room temperatures peaked at 1200 °C with similar temperature distributions both temporally and spatially during the fully developed fire stage. - The fire severity in the mass timber room test was not any greater than the baseline test. In fact, the fire decayed earlier and quicker in the mass timber suite (5 min earlier) than in the baseline suite. - Both tests presented similar external fire exposures. Test 1 was more under-ventilated inside and resulted in more vigorous exterior combustion due to the greater quantity of combustible interior lining than the exposed timber in Test 2. Test 3 also represented a portion of a mass timber building under construction to simulate a realistic construction site fire scenario with a garbage bin fire source. The test space included the exposed mass timber ceiling, floor and wall. The mass timber ceiling and floor surfaces were completely exposed (100% of the total area). The exposed surface of the mass timber wall was 16% of the total wall area of the perimeter of the suite. - This garbage bin fire scenario created a slow initial fire growth which took over 20 min to reach the ceiling height. The preheating of the ceiling for over 20 min allowed the quick ignition of the ceiling and the flashover. Once the garbage bin fire formed the ceiling jet with the aid of the flame path via the CLT wall behind the bin, the fire quickly spread over the CLT ceiling and reached flashover at 23 min. However, the fire started to decay almost instantly. As soon as the garbage bin fire jet stopped hitting the ceiling, the flaming combustion disappeared quickly from all CLT surface at 24 min 10 s. The garbage bin fire source did not have sufficient energy to sustain the flaming combustion of the mass timber elements. - The garbage bin fire was designed to be as severe and repeatable as practical for use in Test 3 although it had limited movable fuel load added to the space, compared to Test 4. The results show that controlling the quantity of combustible materials on the construction site is an important strategy to limit the potential fire hazard. Also, if this garbage fire scenario occurs on a construction site, there could be an opportunity for workers to extinguish the fire within the garbage bin if the fire could be detected early and operable extinguishers readily accessible. Test 4 was designed to study a severe construction site fire scenario. Simulated construction debris and light wood open framing were positioned in the test space. Today’s mass timber construction projects are dominated by prefabrication and do not have much other combustible products on site. Test 4 used a higher fuel load density than those typically found on the mass timber construction sites. The test lasted for two and half hours. There was no firefighting intervention during the test in order to uninterruptedly demonstrate the fire dynamics of a severe construction site fire. The severe test conditions were exacerbated by the strong wind on the test day. - After ignition, the fire took approximately 8 min to fully involve the compartment and followed by a 10-min period of fully-developed burning. The construction site fire reached the decay stage at 18 min. Visible flaming mostly ceased on the mass timber elements after 30 min. The compartment temperatures decreased to 300-400 °C at 60 min. However, the decay became stagnant after 60 min – with the floor glowing, small flames frequently coming out of the joints and junctions and the compartment temperatures ascending slowly to 400-600 °C by the end of the test - Thermal radiation from the large fire plumes reached 33 kW/m2 at 3.5 m above the opening on the building facade and 15 kW/2 at 4.5 m from the leeward side of the building in the wind By design, Test 5 represented a worst case scenario combining several severe testing conditions including the high fuel load, the aggressive ignition package, the rough openings with high ventilation and oxygen supply (instead of real windows), the absence of sprinklers, and the absence of firefighting intervention during the test. It was under these severe conditions that Test 5 was conducted in order to uninterruptedly demonstrate the fire dynamics and performance of the mas timber structure Thermal radiation from the large fire plumes reached the building facades above the rough window openings and the surrounding area at distance, with the peak heat fluxes reaching 37-50 kW/m2 at 3.5 m height above the openings, 58 kW/m2 at 3 m away and 28-39 kW/m2 at 4.5 m away from the test structure. | CB46: 3.2 | CC46: 7 | CD46: 2.7 | CF46: 0.5 | CJ46: Only lining involve | CM46: =3*1000/60/60 -> 0.83333333 | CN46: 315 | CP46: 21.6 | CQ46: =DC46+DP46+IF(ISNUMBER(EB46),EB46,0)+EM46+EX46 -> 71.7 | CR46: Plywood 7 mm | CS46: 25 | CT46: Gypsum Board, Type X (5/8 in) | CU46: =15.9*2 -> 31.8 | CV46: w | CW46: 210 | CY46: ANSI/APA PRG-320 | DB46: =2*(CB46+CC46)*CD46-X46 -> 50.24 | DC46: 49.5 | DD46: plywood, FR 4 mm | DE46: 25 | DF46: Gypsum Board, Type X (5/8 in) | DG46: =15.9*2 -> 31.8 | DH46: CLT | DI46: 210 | DK46: ANSI/APA PRG-320 | DO46: =CB46*CC46 -> 22.4 | DP46: 22.2 | DQ46: Gypsum Board, Type X (5/8 in) | DR46: =15.9*2 -> 31.8 | DS46: CLT | DT46: 210 | DX46: ANSI/APA PRG-320 | EA46: =CB46*CC46 -> 22.4 | EY46: 1 | EZ46: 2.2 | FA46: 2.2 | FB46: 0.25 | FC46: 0.5 | FD46: =EZ46*FA46 -> 4.84 | FG46: Front
C47: 2 | D47: =CONCATENATE($A$46,"_",C47) -> NRCC_LS_2 | H47: =CB47*CC47 -> 22.4 | I47: =2*H47+2*(CB47+CC47)*CD47 -> 99.88 | J47: =CQ47/I47 -> 0.29935923 | K47: C;B;Co | L47: =CQ47/(2*(CB47+CC47)*CD47) -> 0.54284677 | M47: =CQ47/(2*(CB47+CC47)*CD47-X47) -> 0.59514331 | N47: =CQ47/H47 -> 1.3348214 | O47: =DC47/(2*(CB47+CC47)*CD47-X47) -> 0 | P47: =DP47/H47 -> 1.0089286 | R47: =EM47/(EH47*2*(EI47+EJ47)) -> 0.5 | S47: =EX47/(ES47*2*(ET47+EU47)) -> 0.5 | V47: N | W47: =SUM(FD47*FA47+FL47*FI47+FT47*FQ47+GB47*FY47+GJ47*GG47+GR47*GO47)/X47 -> 2.2 | X47: =FD47+FL47+FT47+GB47+GJ47+GR47 -> 4.84 | Y47: =X47*SQRT(W47)/I47 -> 0.071875051 | AA47: 8 | AC47: =AA47/H47*1000 -> 357.14286 | AL47: 1250 | AM47: 249 | AR47: 66.1 | AT47: 98.9 | AV47: ? | AW47: Y | AX47: 249 | BC47: =AVERAGE('Char measurement'!C70:D73) -> 40.142857 | BD47: =MIN('Char measurement'!C70:D73) -> 28 | BE47: =MAX('Char measurement'!C70:D73) -> 48 | BJ47: =AVERAGE('Char measurement'!G70:H73) -> 64.25 | BK47: =MIN('Char measurement'!G70:H73) -> 25 | BL47: =MAX('Char measurement'!G70:H73) -> 90 | BN47: =AVERAGE('Char measurement'!K70:M74) -> 60.75 | BO47: =MIN('Char measurement'!K70:M74) -> 35 | BP47: =MAX('Char measurement'!K70:M74) -> 95 | BR47: 3.5 | BS47: Front | BT47: Above | BU47: 200 | BV47: 18.5 | CB47: 3.2 | CC47: 7 | CD47: 2.7 | CM47: =5*1000/60/60 -> 1.3888889 | CN47: 135 | CP47: 17.2 | CQ47: =DC47+DP47+IF(ISNUMBER(EB47),EB47,0)+EM47+EX47 -> 29.9 | CR47: Gypsum Board, Type X (5/8 in) | CS47: =15.9*2 -> 31.8 | CT47: CLT | CU47: 210 | CV47: Gypsum Board, Type X (5/8 in) | CW47: =15.9*2 -> 31.8 | CY47: ANSI/APA PRG-320 | CZ47: 0.095 | DB47: =2*(CB47+CC47)*CD47-X47 -> 50.24 | DC47: 0 | DD47: CLT | DE47: 210 | DK47: ANSI/APA PRG-320 | DL47: 0.095 | DO47: =CB47*CC47 -> 22.4 | DP47: 22.6 | DQ47: Gypsum Board, Type X (5/8 in) | DR47: =15.9*2 -> 31.8 | DS47: CLT | DT47: 210 | DX47: ANSI/APA PRG-320 | DY47: 0.095 | EA47: =CB47*CC47 -> 22.4 | EC47: 1 | ED47: GL | EE47: CSA O177 | EF47: 0.095 | EH47: =EM47/(EJ47+EI47) -> 5.5335968 | EI47: 0.265 | EJ47: 0.494 | EL47: 2 | EM47: 4.2 | EN47: 2 | EO47: GL | EP47: CSA O177 | EQ47: 0.095 | ES47: =EX47/(EU47+ET47) -> 3.7851038 | ET47: 0.406 | EU47: 0.413 | EW47: 2 | EX47: 3.1 | EY47: 1 | EZ47: 2.2 | FA47: 2.2 | FB47: 0.25 | FC47: 0.5 | FD47: =EZ47*FA47 -> 4.84 | FG47: Front
C48: 3 | D48: =CONCATENATE($A$46,"_",C48) -> NRCC_LS_3 | E48: 15 | F48: Garbage bin fire scenario | G48: =15*H48/17 -> 19.764706 | H48: =CB48*CC48 -> 22.4 | I48: =2*H48+2*(CB48+CC48)*CD48 -> 106 | J48: =CQ48/I48 -> 0.51981132 | K48: W;C;B;Co;Fl | L48: =CQ48/(2*(CB48+CC48)*CD48) -> 0.9003268 | M48: =CQ48/(2*(CB48+CC48)*CD48-X48) -> 0.97764372 | N48: =CQ48/H48 -> 2.4598214 | O48: =DC48/(2*(CB48+CC48)*CD48-X48) -> 0.17210788 | P48: =DP48/H48 -> 1.0133929 | Q48: =EB48/H48 -> 1.0133929 | V48: N | W48: =SUM(FD48*FA48+FL48*FI48+FT48*FQ48+GB48*FY48+GJ48*GG48+GR48*GO48)/X48 -> 2.2 | X48: =FD48+FL48+FT48+GB48+GJ48+GR48 -> 4.84 | Y48: =X48*SQRT(W48)/I48 -> 0.067725284 | AC48: =AA48/H48*1000 -> 0 | AH48: =(CC48-0.3)-CC48/2 -> 3.2 | AL48: 1150 | AM48: 242 | AR48: 66.1 | AT48: 98.9 | AW48: Y | AX48: 242 | AY48: 1 | AZ48: 0.1 | BA48: 5 | BC48: 1 | BD48: 0.1 | BE48: 2 | BG48: 1 | BH48: 0.1 | BI48: 10 | CB48: =CB46 -> 3.2 | CC48: =CC46 -> 7 | CD48: 3 | CM48: =11*1000/3600 -> 3.0555556 | CN48: 135 | CP48: 16.1 | CQ48: =DC48+DP48+IF(ISNUMBER(EB48),EB48,0)+EM48+EX48 -> 55.1 | CR48: Gypsum Board, Type X (5/8 in) | CS48: =15.9*2 -> 31.8 | CT48: CLT | CU48: 210 | CV48: Gypsum Board, Type X (5/8 in) | CW48: =15.9*2 -> 31.8 | CY48: ANSI/APA PRG-320 | CZ48: 0.087 | DB48: =2*(CB48+CC48)*CD48-X48 -> 56.36 | DC48: 9.7 | DD48: CLT | DE48: 210 | DK48: ANSI/APA PRG-320 | DL48: 0.087 | DO48: =CB48*CC48 -> 22.4 | DP48: =22.7 -> 22.7 | DQ48: CLT | DR48: 210 | DX48: ANSI/APA PRG-320 | DY48: 0.087 | EA48: =CB48*CC48 -> 22.4 | EB48: 22.7 | EH48: =EC47*CC47-2*ET47 -> 6.188 | EY48: 1 | EZ48: 2.2 | FA48: 2.2 | FB48: 0.25 | FC48: 0.5 | FD48: =EZ48*FA48 -> 4.84 | FG48: Front
C49: 4 | D49: =CONCATENATE($A$46,"_",C49) -> NRCC_LS_4 | E49: 224 | F49: Exposed wood framing and wood cribs | G49: =224*H49/(300+300) -> 19.88 | H49: =CB49*CC49 -> 53.25 | I49: =2*H49+2*(CB49+CC49)*CD49 -> 194.1 | J49: =CQ49/I49 -> 0.64193715 | K49: C;B;Co;Fl | L49: =CQ49/(2*(CB49+CC49)*CD49) -> 1.4223744 | M49: =CQ49/(2*(CB49+CC49)*CD49-X49) -> 1.6947769 | N49: =CQ49/H49 -> 2.3399061 | O49: =DC49/(2*(CB49+CC49)*CD49-X48) -> 0 | P49: =DP49/H49 -> 0.942723 | Q49: =EB49/H49 -> 0.98591549 | R49: =EM49/(EH49*2*(EI49+EJ49)) -> 0.82542819 | S49: =EX49/(ES49*2*(ET49+EU49)) -> 0.5 | V49: N | W49: =SUM(FD49*FA49+FL49*FI49+FT49*FQ49+GB49*FY49+GJ49*GG49+GR49*GO49)/X49 -> 2.2 | X49: =FD49+FL49+FT49+GB49+GJ49+GR49 -> 14.08 | Y49: =X49*SQRT(W49)/I49 -> 0.1075941 | AC49: =AA49/H49*1000 -> 0 | AI49: 1 | AL49: 1300 | AM49: 148 | AW49: N | AX49: 148 | BC49: =AVERAGE('Char measurement'!B77:D80) -> 70.416667 | BD49: =MIN('Char measurement'!B77:D80) -> 53 | BE49: =MAX('Char measurement'!B77:D80) -> 89 | BG49: =AVERAGE('Char measurement'!I77:K79) -> 58.888889 | BH49: =MIN('Char measurement'!I77:K79) -> 40 | BI49: =MAX('Char measurement'!I77:K79) -> 75 | BJ49: =AVERAGE('Char measurement'!C83:G86) -> 47.03125 | BK49: =MIN('Char measurement'!C83:G86) -> 26 | BL49: =MAX('Char measurement'!C83:G86) -> 68 | BN49: =AVERAGE('Char measurement'!J83:P87) -> 64.4375 | BO49: =MIN('Char measurement'!J83:P87) -> 22 | BP49: =MAX('Char measurement'!J83:P87) -> 135 | BR49: 4.5, 12 | BS49: Right | BT49: Front | BV49: 15, x | CB49: 7.1 | CC49: 7.5 | CD49: 3 | CM49: =16*1000/3600 -> 4.4444444 | CN49: 135 | CP49: 9.8 | CQ49: =DC49+DP49+IF(ISNUMBER(EB49),EB49,0)+EM49+EX49 -> 124.6 | CR49: Gypsum Board, Type X (5/8 in) | CS49: =15.9*2 -> 31.8 | CT49: KAOWOOL | CU49: 200 | CV49: Gypsum Board, Type X (5/8 in) | CW49: =15.9*2 -> 31.8 | DB49: =2*(CB49+CC49)*CD49-X49 -> 73.52 | DD49: CLT | DE49: 210 | DK49: DLT following ICC-ES ESR 4069 | DL49: 0.095 | DO49: =CB49*CC49 -> 53.25 | DP49: 50.2 | DQ49: CLT | DR49: 210 | DX49: ANSI/APA PRG-320 | DY49: 0.095 | EA49: =CB49*CC49 -> 53.25 | EB49: =52.5 -> 52.5 | EC49: 2 | ED49: GL | EE49: CSA O177 | EF49: 0.095 | EH49: =EM49/(2*EJ49+EI49) -> 10.454908 | EI49: 0.265 | EJ49: 0.494 | EL49: 3w | EM49: 13.1 | EN49: 4 | EO49: GL | EP49: CSA O177 | EQ49: 0.095 | ES49: =EX49/(EU49+ET49) -> 10.744811 | ET49: 0.406 | EU49: 0.413 | EW49: 2 | EX49: 8.8 | EY49: 4 | EZ49: 1.6 | FA49: 2.2 | FB49: 0.25 | FC49: =(CB49-(EZ49*2))/3 -> 1.3 | FD49: =EZ49*FA49 -> 3.52 | FG49: Front | FH49: 1.6 | FI49: 2.2 | FJ49: 0.25 | FK49: =FC49*2+EZ49 -> 4.2 | FL49: =FH49*FI49 -> 3.52 | FO49: Front | FP49: 1.6 | FQ49: 2.2 | FR49: 0.25 | FS49: =(7.3-(7.3-2.6*2)/3)/2-FP49 -> 1.7 | FT49: =FP49*FQ49 -> 3.52 | FW49: Right | FX49: 1.6 | FY49: 2.2 | FZ49: 0.25 | GA49: =7.3-(7.3-2.6*2)/3-FP49 -> 5 | GB49: =FX49*FY49 -> 3.52 | GE49: Right
C50: 5 | D50: =CONCATENATE($A$46,"_",C50) -> NRCC_LS_5 | E50: 362 | F50: fully furnished office space | G50: 17.5 | H50: =(7.3*3-0.15*2)*(7.3-2*0.15)+(7.3-2*0.15)*(7.3-0.15) -> 201.25 | I50: =2*H50+(21.6*2+14*2)*4 -> 687.3 | J50: =CQ50/I50 -> 0.42368689 | K50: W;C;B;Co | O50: =35%*27.5/(27.5+32.5+36.2) -> 0.10005198 | P50: 1 | R50: 1 | S50: 1 | V50: N | W50: 2 | X50: =2*2.6*10 -> 52 | Y50: =X50*SQRT(W50)/I50 -> 0.1069971 | AC50: =AA50/H50*1000 -> 0 | AL50: 1300 | AM50: 250 | AV50: 190 | AW50: Y | AX50: 250 | AY50: =AVERAGE('Char measurement'!C102:E104) -> 42.222222 | AZ50: =MIN('Char measurement'!C102:E104) -> 26 | BA50: =MAX('Char measurement'!C102:E104) -> 56 | BC50: =AVERAGE('Char measurement'!B95:K99) -> 24.37037 | BD50: =MIN('Char measurement'!B95:K99) -> 15 | BE50: =MAX('Char measurement'!B95:K99) -> 40 | BJ50: =AVERAGE('Char measurement'!C115:G116) -> 29.375 | BK50: =MIN('Char measurement'!C115:G116) -> 23 | BL50: =MAX('Char measurement'!C115:G116) -> 33 | BN50: =AVERAGE('Char measurement'!C106:G112) -> 37.75 | BO50: =MIN('Char measurement'!C115:G116) -> 23 | BP50: =MAX('Char measurement'!C106:G112) -> 60 | BR50: 4.5, 12 | BS50: Front | BT50: Front | BV50: 39, x | CM50: =6*1000/60/60 -> 1.6666667 | CN50: 315 | CP50: 20.6 | CQ50: =DC50+DP50+IF(ISNUMBER(EB50),EB50,0)+EM50+EX50 -> 291.2 | CZ50: 0.093 | DC50: 27.5 | DL50: 0.093 | DP50: 195 | ED50: GL | EE50: CSA O177 | EF50: 0.093 | EH50: =EC49*CC49-2*ET49 -> 14.188 | EM50: 36.2 | EO50: GL | EP50: CSA O177 | EQ50: 0.093 | EX50: 32.5
A51: RISE | B51: Brandon & Al 2021 | C51: 1 | D51: =CONCATENATE($A$51,"_",C51) -> RISE_1 | E51: 560 | F51: apartment furniutre and cribs | G51: 20.54 | H51: =CB51*CC51 -> 47.073185 | I51: =2*(CB51+CC51)*CD51+2*H51 -> 169.07286 | J51: =CQ51/$I$51 -> 0.31242746 | K51: C;B | L51: =CQ51/(2*(CB51+CC51)*CD51) -> 0.70499773 | M51: =CQ51/(2*(CB51+CC51)*CD51-X51) -> 0.78921903 | N51: =CQ51/H51 -> 1.1221464 | O51: =DC51/(2*(CB51+CC51)*CD51-X51) -> 0 | P51: =DP51/H51 -> 0.94955408 | R51: =EM51/(EH51*2*(EI51+EJ51)) -> 0.77382388 | S51: =EX51/(ES51*2*(ET51+EU51)) -> 0 | V51: N | W51: =SUM(FD51*FA51+FL51*FI51+FT51*FQ51+GB51*FY51+GJ51*GG51+GR51*GO51)/X51 -> 1.78 | X51: =FD51+FL51+FT51+GB51+GJ51+GR51 -> 7.99576 | Y51: =X51*SQRT(W51)/I51 -> 0.063095133 | Z51: 22 | AC51: =AA51/H51*1000 -> 0 | AK51: 2050 kg | AL51: 1236 | AM51: 240 | AR51: 66.1 | AT51: 98.9 | AW51: Y | AX51: 240 | BC51: =AVERAGE('Char measurement'!$B$3:$E$6) -> 35.333333 | BD51: =MIN('Char measurement'!$B$3:$E$6) -> 25 | BE51: =MAX('Char measurement'!$B$3:$E$6) -> 45 | BJ51: 32 | BK51: 0.1 | BL51: 65 | BR51: 4.8,8 | BS51: Front | BT51: Front | BV51: 17.1,7.5 | BW51: It is not recomended to implement two exposed CLT wall surfaces that intersect in one Corner. Char thickness decrease from low part of wall to ceiling. The fire scenarios tested in this study correspond to the improbable event that (NFPA 13 compliant) sprinklers are not functioning, combined with the absence of fire service interference for the first 4 hours. Under those conditions various configurations of exposed mass timber were tested under a statistically severe fire scenario (with a statistically high fuel load density and low opening factor), in order to make the conclusions more generally applicable. More information on the statistical analysis can be found in Annex C. From the compartments tested against the selected severe fire scenario, it can be concluded that: (A) A flashover fire in a compartment with: (1) 100 % exposed (PRG 320, 2018 compliant) CLT ceiling and (2) 100 % exposed glulam beam under the ceiling and (3) two layers of 5/8 inch thick Type X gypsum board protection on all other mass timber surfaces, decayed continuously until 4 hours after ignition and reached radiation temperatures that were significantly below 300 ̊C within two hours. (B) Flashover fires in compartments with: (1) 100 % exposed (PRG 320, 2018 compliant) CLT ceiling and (2) 100 % exposed beam under the ceiling and (3) additional exposed surface areas of column and walls equal to 78 % or 90 % of the floor area, extending to the exposed ceiling and (4) 3 layers of 5/8 inch thick Type X gypsum board protection on all other mass timber surfaces, decayed continuously until 4 hours after ignition and reached radiation temperatures that were significantly below 300 ̊C. (C) A third test with similar surface areas of exposed mass timber walls, where exposed CLT wall surfaces intersected in corners, decayed continuously for more than 3 hours but was followed by surface flaming on walls and increased temperatures. Analysis showed higher damage in the corners of two exposed walls and higher radiation temperature throughout the compartment in this test. (D) A post flashover fire in a similar compartment with a larger opening factor was conducted and decayed relatively quickly and reached ambient temperature within 4 hours. The design corresponds to the range of opening factors of office buildings and only the back wall was protected with two layers of 5/8 inch thick Type X gypsum board. (E) In all tested compartments with walls and the ceiling surfaces exposed, the char depth in the ceiling and the top part of the wall was lower than the char depth at the bottom part of walls. Also, spots of smoldering and hot-spots were more present in the walls than in the ceiling at the end of all fire tests. Thus, the intersection between exposed wall and exposed ceiling did not exhibit the surface flaming and increased temperatures noticed for exposed walls intersecting in corners. (F) For these tests, an increase of roughly 40 m2 exposed surface area (from ~54 to ~94 m2 or from 113 % to 196 % of the floor area) resulted both an increased flame height and shifted flame temperature profile of zero to one meter along the façade. The same increase in exposed mass timber increased the duration of the fully developed fire from 22 to ~30 minutes.(G) After manually extinguishing smoldering and cooling of hot spots with water mist after the 4-hour mark, the exposed and protected walls and ceiling cooled down throughout the thickness, indicating no further loss of structural capacity. | CB51: =7-2*CS51/1000 -> 6.9364 | CC51: =6.85-2*CS51/1000 -> 6.7864 | CD51: 2.73 | CM51: 0.4 | CN51: 90 | CO51: 0.89 | CP51: 15 | CQ51: =DC51+DP51+IF(ISNUMBER(EB51),EB51,0)+EM51+EX51 -> 52.823004 | CR51: Gypsum Board, Type X (5/8 in) | CS51: =2*15.9 -> 31.8 | CT51: CLT | CU51: 175 | CX51: CLT 5-ply 35mm | CY51: ANSI/APA PRG 320, 2018 compliant | CZ51: 0.13 | DA51: 470 | DB51: =2*(CB51+CC51)*CD51-$X$51 -> 66.930728 | DC51: 0 | DD51: CLT | DE51: 175 | DJ51: CLT 5-ply 35mm | DK51: ANSI/APA PRG 320, 2018 compliant | DL51: 0.13 | DM51: 470 | DO51: =CB51*CC51 -> 47.073185 | DP51: =CC51*CB51-EH51*EI51 -> 44.698535 | DQ51: concrete, lightweight | DR51: 100 | DS51: KAOWOOL | DT51: 20 | DU51: CLT | DV51: 175 | EA51: =CB51*CC51 -> 47.073185 | EC51: 1 | ED51: GL | EE51: ANSI A 190.12017 compliant glued laminated timber | EF51: 0.134 | EG51: 580 | EH51: =CC51-EU51 -> 6.3324 | EI51: 0.375 | EJ51: 0.454 | EL51: 3w | EM51: =EH51*(EI51+2*EJ51) -> 8.1244692 | EN51: 1 | EO51: GL | EP51: ANSI A 190.12017 compliant glued laminated timber | EQ51: 0.134 | ER51: 580 | ES51: 2.73 | ET51: 0.47 | EU51: 0.454 | EX51: 0 | EY51: 2 | EZ51: 2.246 | FA51: 1.78 | FB51: =2.2-FA51 -> 0.42 | FC51: =(CB51/2-EZ51)/2 -> 0.6111 | FD51: =EZ51*FA51 -> 3.99788 | FG51: Front | FH51: 2.246 | FI51: 1.78 | FJ51: =2.2-FI51 -> 0.42 | FK51: =CB51/2+FC51 -> 4.0793 | FL51: =FH51*FI51 -> 3.99788 | FO51: Front
C52: 2 | D52: =CONCATENATE($A$51,"_",C52) -> RISE_2 | J52: =CQ52/$I$51 -> 0.53104159 | K52: Wo;C;B | L52: =CQ52/(2*(CB52+CC52)*CD52) -> 1.1955337 | M52: =CQ52/(2*(CB52+CC52)*CD52-X52) -> 1.1955337 | N52: =CQ52/H51 -> 1.9073432 | O52: =DC52/(2*(CB52+CC52)*CD52-X51) -> 0.54959347 | P52: =DP52/H51 -> 0.94955408 | R52: =EM52/(EH52*2*(EI52+EJ52)) -> 0.77382388 | S52: =EX52/(ES52*2*(ET52+EU52)) -> 0 | V52: N | Z52: 34 | AA52: 19 | AB52: 25 | AC52: =AA52/H51*1000 -> 403.62682 | AK52: 2450 kg | AL52: 1264 | AM52: 240 | AR52: 88.4 | AT52: 119.2 | AW52: Y | AX52: 240 | AY52: =AVERAGE('Char measurement'!$G$19:$O$24) -> 60.708333 | AZ52: =MIN('Char measurement'!$G$19:$O$24) -> 36 | BA52: =MAX('Char measurement'!$G$19:$O$24) -> 86 | BC52: =AVERAGE('Char measurement'!$B$19:$E$23) -> 43.125 | BD52: =MIN('Char measurement'!$B$19:$E$23) -> 33 | BE52: =MAX('Char measurement'!$B$19:$E$23) -> 57 | BJ52: 56 | BK52: 20 | BL52: 80 | BR52: 4.8,8 | BS52: Front | BT52: Front | BV52: 17.1,9.0 | CB52: 7 | CC52: =6.85-2*CS52/1000 -> 6.7546 | CD52: 2.73 | CM52: 0.4 | CN52: 90 | CO52: 0.89 | CP52: 12 | CQ52: =DC52+DP52+IF(ISNUMBER(EB52),EB52,0)+EM52+EX52 -> 89.784719 | CR52: Gypsum Board, Type X (5/8 in) | CS52: =3*15.9 -> 47.7 | CT52: CLT | CU52: 175 | CX52: CLT 5-ply 35mm | CY52: ANSI/APA PRG 320, 2018 compliant | CZ52: 0.13 | DA52: 470 | DB52: =2*(CB52+CC52)*CD52-$X$51 -> 67.104356 | DC52: =2*(CC52*CD52) -> 36.880116 | DD52: CLT | DE52: 175 | DJ52: CLT 5-ply 35mm | DK52: ANSI/APA PRG 320, 2018 compliant | DL52: 0.13 | DM52: 470 | DO52: =CB52*CC52 -> 47.2822 | DP52: =DP51 -> 44.698535 | DQ52: concrete, lightweight | DR52: 100 | DS52: KAOWOOL | DT52: 20 | DU52: CLT | DV52: 175 | EA52: =CB52*CC52 -> 47.2822 | EC52: 1 | ED52: GL | EE52: ANSI A 190.12017 compliant glued laminated timber | EF52: 0.134 | EG52: 580 | EH52: 6.396 | EI52: 0.375 | EJ52: 0.454 | EL52: 3w | EM52: =EH52*(EI52+2*EJ52) -> 8.206068 | EN52: 1 | EO52: GL | EP52: ANSI A 190.12017 compliant glued laminated timber | EQ52: 0.134 | ER52: 580 | ES52: 2.73 | ET52: 0.47 | EU52: 0.454 | EX52: 0 | EY52: 2 | EZ52: 2.246 | FA52: 1.78 | FB52: =2.2-FA52 -> 0.42 | FC52: =(CB52/2-EZ52)/2 -> 0.627 | FD52: =EZ52*FA52 -> 3.99788 | FG52: Front | FH52: 2.246 | FI52: 1.78 | FJ52: =2.2-FI52 -> 0.42 | FK52: =CB52/2+FC52 -> 4.127 | FL52: =FH52*FI52 -> 3.99788 | FO52: Front
C53: 3 | D53: =CONCATENATE($A$51,"_",C53) -> RISE_3 | J53: =CQ53/$I$51 -> 0.58744489 | K53: Wco;C;B;Co | L53: =CQ53/(2*(CB53+CC53)*CD53) -> 1.3225144 | M53: =CQ53/(2*(CB53+CC53)*CD53-X53) -> 1.3225144 | N53: =CQ53/H51 -> 2.109927 | O53: =DC53/(2*(CB53+CC53)*CD53-X51) -> 0.63564343 | P53: =DP53/H51 -> 0.94955408 | R53: =EM53/(EH53*2*(EI53+EJ53)) -> 0.77382388 | S53: =EX53/(ES53*2*(ET53+EU53)) -> 0.745671 | V53: N | Z53: 34 | AC53: =AA53/H51*1000 -> 0 | AK53: 3800 kg | AL53: 1200 | AM53: 211 | AR53: 88.4 | AT53: 119.2 | AV53: =3*60+5 -> 185 | AW53: N | AX53: =3*60+31 -> 211 | AY53: =AVERAGE('Char measurement'!$G$27:$O$32,'Char measurement'!$G$35:$N$38) -> 69.875 | AZ53: =MIN('Char measurement'!$G$27:$O$32,'Char measurement'!$G$35:$N$38) -> 35 | BA53: =MAX('Char measurement'!$G$27:$O$32,'Char measurement'!$G$35:$N$38) -> 104 | BC53: =AVERAGE('Char measurement'!$B$27:$E$31) -> 46.5625 | BD53: =MIN('Char measurement'!$B$27:$E$31) -> 40 | BE53: =MAX('Char measurement'!$B$27:$E$31) -> 58 | BJ53: 56 | BK53: 25 | BL53: 80 | BN53: 56 | BO53: =BK53 -> 25 | BP53: =BL53 -> 80 | BR53: 4.8,8 | BS53: Front | BT53: Front | BV53: 14.8,6.6 | CB53: 7 | CC53: =6.85-2*CS53/1000 -> 6.7546 | CD53: 2.73 | CM53: =1 -> 1 | CN53: 90 | CO53: 0.73 | CP53: 11 | CQ53: =DC53+DP53+IF(ISNUMBER(EB53),EB53,0)+EM53+EX53 -> 99.320986 | CR53: Gypsum Board, Type X (5/8 in) | CS53: =CS52 -> 47.7 | CT53: CLT | CU53: 175 | CX53: CLT 5-ply 35mm | CY53: ANSI/APA PRG 320, 2018 compliant | CZ53: 0.13 | DA53: 470 | DB53: =2*(CB53+CC53)*CD53-$X$51 -> 67.104356 | DC53: =1.78*(CC53*CD53)+(CB53*CD53-X51)-ES53*ET53 -> 42.654443 | DD53: CLT | DE53: 175 | DJ53: CLT 5-ply 35mm | DK53: ANSI/APA PRG 320, 2018 compliant | DL53: 0.13 | DM53: 470 | DO53: =CB53*CC53 -> 47.2822 | DP53: =DP51 -> 44.698535 | DQ53: concrete, lightweight | DR53: 100 | DS53: KAOWOOL | DT53: 20 | DU53: CLT | DV53: 175 | EA53: =CB53*CC53 -> 47.2822 | EC53: 1 | ED53: GL | EE53: ANSI A 190.12017 compliant glued laminated timber | EF53: 0.134 | EG53: 580 | EH53: 6.396 | EI53: 0.375 | EJ53: 0.454 | EL53: 3w | EM53: =EH53*(EI53+2*EJ53) -> 8.206068 | EN53: 1 | EO53: GL | EP53: ANSI A 190.12017 compliant glued laminated timber | EQ53: 0.134 | ER53: 580 | ES53: 2.73 | ET53: 0.47 | EU53: 0.454 | EW53: 3h | EX53: =ES53*(ET53+2*EU53) -> 3.76194 | EY53: 2 | EZ53: 2.246 | FA53: 1.78 | FB53: =2.2-FA53 -> 0.42 | FC53: =(CB53/2-EZ53)/2 -> 0.627 | FD53: =EZ53*FA53 -> 3.99788 | FG53: Front | FH53: 2.246 | FI53: 1.78 | FJ53: =2.2-FI53 -> 0.42 | FK53: =CB53/2+FC53 -> 4.127 | FL53: =FH53*FI53 -> 3.99788 | FO53: Front
C54: 4 | D54: =CONCATENATE($A$51,"_",C54) -> RISE_4 | J54: =CQ54/$I$51 -> 0.47640971 | K54: Wco;C;B;Co | L54: =CQ54/(2*(CB54+CC54)*CD54) -> 1.0676045 | M54: =CQ54/(2*(CB54+CC54)*CD54-X54) -> 1.8192851 | N54: =CQ54/H51 -> 1.7111218 | O54: =DC54/(2*(CB54+CC54)*CD54-X54) -> 0.53939409 | P54: =DP54/H51 -> 0.94955408 | R54: =EM54/(EH54*2*(EI54+EJ54)) -> 0.77382388 | S54: =EX54/(ES54*2*(ET54+EU54)) -> 0.745671 | V54: N | W54: =SUM(FD54*FA54+FL54*FI54+FT54*FQ54+GB54*FY54+GJ54*GG54+GR54*GO54)/X54 -> 2.104 | X54: =FD54+FL54+FT54+GB54+GJ54+GR54 -> 31.172864 | Y54: =X54*SQRT(W54)/I51 -> 0.26743958 | Z54: 50 | AC54: =AA54/H51*1000 -> 0 | AK54: 3650 kg | AL54: 1150 | AM54: 240 | AR54: 66.1 | AT54: 98.9 | AW54: Y | AX54: 240 | AY54: =AVERAGE('Char measurement'!$G$41:$O$53) -> 47.903846 | AZ54: =MIN('Char measurement'!$G$41:$O$53) -> 28 | BA54: =MAX('Char measurement'!$G$41:$O$53) -> 104 | BC54: =AVERAGE('Char measurement'!$B$41:$E$45) -> 27.8125 | BD54: =MIN('Char measurement'!$B$41:$E$45) -> 13 | BE54: =MAX('Char measurement'!$B$41:$E$45) -> 45 | BJ54: =BJ53/1.5 -> 37.333333 | BK54: =BK53/1.5 -> 16.666667 | BL54: =BL53/1.5 -> 53.333333 | BN54: 37.333333 | BO54: =BK54 -> 16.666667 | BP54: =BL54 -> 53.333333 | BR54: 4.8,8 | BS54: Front | BT54: Front | BV54: 6.7,4.9 | CB54: 7 | CC54: =6.85-CS54/1000 -> 6.8182 | CD54: 2.73 | CM54: 0.9 | CN54: 90 | CO54: 0.98 | CP54: 11 | CQ54: =DC54+DP54+IF(ISNUMBER(EB54),EB54,0)+EM54+EX54 -> 80.547951 | CR54: Gypsum Board, Type X (5/8 in) | CS54: =CS51 -> 31.8 | CT54: CLT | CU54: 175 | CX54: CLT 5-ply 35mm | CY54: ANSI/APA PRG 320, 2018 compliant | CZ54: 0.13 | DA54: 470 | DB54: =2*(CB54+CC54)*CD54-X54 -> 44.274508 | DC54: =2*(CC54*CD54)+CB54*CD54-X54-ES54*ET54 -> 23.881408 | DD54: CLT | DE54: 175 | DJ54: CLT 5-ply 35mm | DK54: ANSI/APA PRG 320, 2018 compliant | DL54: 0.13 | DM54: 470 | DO54: =CB54*CC54 -> 47.7274 | DP54: =DP51 -> 44.698535 | DQ54: concrete, lightweight | DR54: 100 | DS54: KAOWOOL | DT54: 20 | DU54: CLT | DV54: 175 | EA54: =CB54*CC54 -> 47.7274 | EC54: 1 | ED54: GL | EE54: ANSI A 190.12017 compliant glued laminated timber | EF54: 0.134 | EG54: 580 | EH54: 6.396 | EI54: 0.375 | EJ54: 0.454 | EL54: 3w | EM54: =EH54*(EI54+2*EJ54) -> 8.206068 | EN54: 1 | EO54: GL | EP54: ANSI A 190.12017 compliant glued laminated timber | EQ54: 0.134 | ER54: 580 | ES54: 2.73 | ET54: 0.47 | EU54: 0.454 | EW54: 3h | EX54: =ES54*(ET54+2*EU54) -> 3.76194 | EY54: 6 | EZ54: 2.436 | FA54: 2.104 | FB54: =2.7-0.5-FA54 -> 0.096 | FC54: =(CB54/2-EZ54)/2 -> 0.532 | FD54: =EZ54*FA54 -> 5.125344 | FG54: Front | FH54: 2.436 | FI54: 2.104 | FJ54: =2.7-0.5-FI54 -> 0.096 | FK54: =CB54/2+FC54 -> 4.032 | FL54: =FH54*FI54 -> 5.125344 | FO54: Front | FP54: 2.486 | FQ54: 2.104 | FR54: =2.7-0.5-FQ54 -> 0.096 | FS54: =(CC51/2-FP54)/2 -> 0.4536 | FT54: =FP54*FQ54 -> 5.230544 | FW54: Left | FX54: 2.486 | FY54: 2.104 | FZ54: =2.7-0.5-FY54 -> 0.096 | GA54: =CC51/2+FS54 -> 3.8468 | GB54: =FX54*FY54 -> 5.230544 | GE54: Left | GF54: 2.486 | GG54: 2.104 | GH54: =2.7-0.5-GG54 -> 0.096 | GI54: =(CC51/2-GF54)/2 -> 0.4536 | GJ54: =GF54*GG54 -> 5.230544 | GM54: Right | GN54: 2.486 | GO54: 2.104 | GP54: =2.7-0.5-GO54 -> 0.096 | GQ54: =CC51/2+GI54 -> 3.8468 | GR54: =GN54*GO54 -> 5.230544 | GU54: Right
C55: 5 | D55: =CONCATENATE($A$51,"_",C55) -> RISE_5 | J55: =CQ55/$I$51 -> 0.59119116 | K55: Wo;C;B;Co | L55: =CQ55/(2*(CB55+CC55)*CD55) -> 1.3309484 | M55: =CQ55/(2*(CB55+CC55)*CD55-X55) -> 1.4895364 | N55: =CQ55/H51 -> 2.1233825 | O55: =DC55/(2*(CB55+CC55)*CD55-X55) -> 0.64508236 | P55: =DP55/H51 -> 0.94955408 | R55: =EM55/(EH55*2*(EI55+EJ55)) -> 0.77382388 | S55: =EX55/(ES55*2*(ET55+EU55)) -> 0.745671 | V55: N | W55: =SUM(FD55*FA55+FL55*FI55+FT55*FQ55+GB55*FY55+GJ55*GG55+GR55*GO55)/X55 -> 1.78 | X55: =FD55+FL55+FT55+GB55+GJ55+GR55 -> 7.99576 | Y55: =X55*SQRT(W55)/I51 -> 0.063095133 | Z55: 34 | AC55: =AA55/H51*1000 -> 0 | AK55: 3700 kg | AL55: 1150 | AM55: 240 | AR55: 88.4 | AT55: 119.2 | AW55: Y | AX55: 240 | AY55: =AVERAGE('Char measurement'!$G$56:$O$67) -> 65.425926 | AZ55: =MIN('Char measurement'!$G$56:$O$67) -> 33 | BA55: =MAX('Char measurement'!$G$56:$O$67) -> 95 | BC55: =AVERAGE('Char measurement'!$B$56:$E$60) -> 50.3125 | BD55: =MIN('Char measurement'!$B$56:$E$60) -> 37 | BE55: =MAX('Char measurement'!$B$56:$E$60) -> 73 | BJ55: 59 | BK55: 20 | BL55: 80 | BN55: 59 | BO55: =BK55 -> 20 | BP55: =BL55 -> 80 | BR55: 4.8,8 | BS55: Front | BT55: Front | BV55: x,7.6 | CB55: 7 | CC55: =6.85-2*CS55/1000 -> 6.7546 | CD55: 2.73 | CM55: 0.9 | CN55: 90 | CO55: 0.83 | CP55: 7 | CQ55: =DC55+DP55+IF(ISNUMBER(EB55),EB55,0)+EM55+EX55 -> 99.954379 | CR55: Gypsum Board, Type X (5/8 in) | CS55: =CS53 -> 47.7 | CT55: CLT | CU55: 175 | CX55: CLT 5-ply 35mm | CY55: ANSI/APA PRG 320, 2018 compliant | CZ55: 0.13 | DA55: 470 | DB55: =2*(CB55+CC55)*CD55-X55 -> 67.104356 | DC55: =2*(CC55*CD55)+(CB55-2*FC55)*CD55-X55-ES55*ET55 -> 43.287836 | DD55: CLT | DE55: 175 | DJ55: CLT 5-ply 35mm | DK55: ANSI/APA PRG 320, 2018 compliant | DL55: 0.13 | DM55: 470 | DO55: =CB55*CC55 -> 47.2822 | DP55: =DP51 -> 44.698535 | DQ55: concrete, lightweight | DR55: 100 | DS55: KAOWOOL | DT55: 20 | DU55: CLT | DV55: 175 | EA55: =CB55*CC55 -> 47.2822 | EC55: 1 | ED55: GL | EE55: ANSI A 190.12017 compliant glued laminated timber | EF55: 0.134 | EG55: 580 | EH55: 6.396 | EI55: 0.375 | EJ55: 0.454 | EL55: 3w | EM55: =EH55*(EI55+2*EJ55) -> 8.206068 | EN55: 1 | EO55: GL | EP55: ANSI A 190.12017 compliant glued laminated timber | EQ55: 0.134 | ER55: 580 | ES55: 2.73 | ET55: 0.47 | EU55: 0.454 | EW55: 3h | EX55: =ES55*(ET55+2*EU55) -> 3.76194 | EY55: 2 | EZ55: 2.246 | FA55: 1.78 | FB55: =2.2-FA55 -> 0.42 | FC55: =(CB55/2-EZ55)/2 -> 0.627 | FD55: =EZ55*FA55 -> 3.99788 | FG55: Front | FH55: 2.246 | FI55: 1.78 | FJ55: =2.2-FI55 -> 0.42 | FK55: =CB55/2+FC55 -> 4.127 | FL55: =FH55*FI55 -> 3.99788 | FO55: Front
A56: Arup/Cerib | B56: Kostovinos & Al 2023 | C56: 1 | D56: =CONCATENATE("CodeRed_",C56) -> CodeRed_1 | E56: =374*174/H56 -> 184.89974 | F56: Cribs | G56: =19.05*17.5/18.79 -> 17.74215 | H56: =CB56*CC56 -> 351.9529 | I56: =2*H56+2*(CB56+CC56)*CD56 -> 980.0538 | J56: =CQ56/I56 -> 0.36907453 | K56: C;Co | L56: =CQ56/(2*(CB56+CC56)*CD56) -> 1.3098516 | M56: =CQ56/(2*(CB56+CC56)*CD56-X56) -> 1.6477897 | N56: =CQ56/H56 -> 1.027731 | O56: =DC56/(2*(CB56+CC56)*CD56-X56) -> 0 | P56: =DP56/H56 -> 1 | S56: =EX56/(ES56*2*(ET56+EU56)) -> 1 | V56: N | W56: =(FA56*(FE56+1)*FD56+FI56*(FM56+1)*FL56+FQ56*(FU56+1)*FT56+FY56*(GC56+1)*GB56+GG56*(GK56+1)*GJ56+GO56*(GS56+1)*GR56+GW56*(HA56+1)*GZ56+HE56*(HI56+1)*HH56+HM56*(HQ56+1)*HP56+HU56*(HY56+1)*HX56)/X56 -> 1.4876488 | X56: =(FE56+1)*FD56+(FM56+1)*FL56+(FU56+1)*FT56+(GC56+1)*GB56+(GK56+1)*GJ56+(GS56+1)*GR56+(HA56+1)*GZ56+(HI56+1)*HH56+(HQ56+1)*HP56+(HY56+1)*HX56 -> 56.634 | Y56: =X56*SQRT(W56)/I56 -> 0.070481887 | Z56: 121 | AA56: 60 | AB56: =Z56-AA56 -> 61 | AC56: =AA56/H56*1000 -> 170.47736 | AE56: 240823 HRR_Experiments.xlsx | AJ56: 3 | AK56: 60-75% | AL56: 1030 | AM56: 180 | AW56: Y | AX56: 180 | BC56: 25 | BD56: 18 | BE56: 31 | BN56: 30 | BO56: 5 | BP56: 60 | BR56: 0.95 | BS56: Rear | BT56: Above | BU56: 900 | BV56: 120 | BW56: This paper presents novel experimental evidence from CodeRed #01, the first in a series of fire experiments carried out inside a purposebuilt, open-plan compartment to capture fire dynamics in large compartments with exposed timber. The experiment had an area of 352 m2 and included a CLT ceiling and two glulam columns. The fire dynamics were captured via thermocouples, PT, as well as fixed and drone-mounted cameras. The main findings from the observations of CodeRed #01 are summarised below: • Rapid fire spread was observed across the CLT ceiling once the ceiling ignited. Fire spread via the ceiling, and reached the other end of the compartment more than 1 min earlier than the fire spread across the wood crib on the floor. Compared to similar noncombustible enclosure experiments the fire spread was significantly faster. Any increase in speed of fire spread impacts occupant evacuation options, and fire-fighting response scenarios. Better understanding of the speed and duration of the fire enables robust design solutions to be developed. • The CLT ceiling contributed significantly to the overall HRR of the fire contributing approximately the same energy as the fuel load of the wood crib. The increased heat release needs to be accounted for given its potential impact on structural fire resistance and the resulting more extensive external flaming. • Flaming combustion of the CLT ceiling stopped almost simultaneously as the flaming of the fuel bed ceased directly impacting the ceiling. The MUF-based CLT ceiling maintained glue-line integrity (i.e., there was no extensive char fall-off) resulting in predictable behaviour when exposed to fire as no new timber was exposed late in the fire at the ceiling. • A significant portion of the pyrolysis gases burnt externally, evident in the substantial and prolonged external flaming observed above the openings. This impacts the speed and extent of vertical fire spread over the external wall within the same building, again relevant for evacuation options and fire-fighting response scenarios. It is also important for the evaluation and control of external fire spread to adjacent built assets. • The lower portion of glulam columns may experience increased charring due to the prolonged heat transfer from the surrounding embers remaining of the burnt wood crib; again, relevant when designing structural fire resistance of vertical load-bearing timber elements and also fire-fighting tactics. • Without fire-fighting intervention smouldering continued throughout the monitoring period of 48 h, and resulted in burn through the entire CLT slab depth in one location. This finding is relevant for fire-fighting tactics for timber buildings, and is an important consideration for the design of joints, junctions and connections. • The decay of the fire was steady and no secondary flashover took place. The impact of the findings from the observations of CodeRed #01 on fire safety design and life safety of occupants and fire-fighters, fire-fighting tactics and property protection needs to be studied and tools and guidance need to be developed for practicing engineers and builders to safely construct with mass timber. | CB56: 34.27 | CC56: 10.27 | CD56: 3.1 | CF56: 0.25 | CH56: 0.0001 | CI56: 30 | CM56: 0 | CO56: 0.49 | CP56: 3 | CQ56: =DC56+DP56+IF(ISNUMBER(EB56),EB56,0)+EM56+EX56 -> 361.7129 | CR56: concrete, lightweight | CS56: 365 | DD56: CLT | DE56: 140 | DJ56: CLT 5-ply (40-20-20-20-40) | DK56: lue line interity following EN1995-1-2 | DL56: 0.111 | DM56: 450 | DN56: 18.79 | DO56: =CB56*CC56 -> 351.9529 | DP56: =DO56*100% -> 351.9529 | DQ56: concrete | DR56: 200 | EN56: 2 | EO56: GL | EP56: PUR Adhesive | ES56: =3.05*EN56 -> 6.1 | ET56: 0.4 | EU56: 0.4 | EW56: 4 | EX56: =ES56*2*(ET56+EU56) -> 9.76 | EY56: =FE56+1+FM56+1+FU56+1+GC56+1+GK56+1+GS56+1+HA56+1+HI56+1+HQ56+1+HY56+1 -> 36 | EZ56: 1.875 | FA56: 2 | FB56: 0 | FC56: =2*FK56+5*FH56+4*FN56 -> 10.662857 | FD56: =EZ56*FA56 -> 3.75 | FG56: Rear | FH56: 1.09 | FI56: 1 | FJ56: =2.25-FI56 -> 1.25 | FK56: =(CB56-5.8*2-6.8*3)/2 -> 1.135 | FL56: =FH56*FI56 -> 1.09 | FM56: 4 | FN56: =((CB56-2*FK56-5.8)-15*1.06)/14 -> 0.73571429 | FO56: Rear | FP56: 1.09 | FQ56: 1 | FR56: =FJ56 -> 1.25 | FS56: =FC56+EZ56+3*FN56 -> 14.745 | FT56: =FP56*FQ56 -> 1.09 | FU56: 3 | FV56: =FN56 -> 0.73571429 | FW56: Rear | FX56: 1.09 | FY56: 1 | FZ56: =FR56 -> 1.25 | GA56: =$CB$56-FK56-FX56*5-$FV$56*4 -> 24.742143 | GB56: =FX56*FY56 -> 1.09 | GC56: 4 | GD56: =FV56 -> 0.73571429 | GE56: Rear | GF56: 1.09 | GG56: 1 | GH56: =FZ56 -> 1.25 | GI56: =FK56 -> 1.135 | GJ56: =GF56*GG56 -> 1.09 | GK56: 4 | GL56: =GD56 -> 0.73571429 | GM56: Front | GN56: 1.09 | GO56: 1 | GP56: =GH56 -> 1.25 | GQ56: =CB56-GI56-GN56*10-GT56*9 -> 15.613571 | GR56: =GN56*GO56 -> 1.09 | GS56: 9 | GT56: =GL56 -> 0.73571429 | GU56: Front | GV56: 1.362 | GW56: 2.25 | GX56: 0 | GY56: 0 | GZ56: =GV56*GW56 -> 3.0645 | HA56: 1 | HB56: =CC56-2*GV56 -> 7.546 | HC56: Left | HD56: 2.76 | HE56: 2.25 | HF56: 0 | HG56: =(CC56-HD56)/2 -> 3.755 | HH56: =HD56*HE56 -> 6.21 | HK56: Left | HL56: 2.76 | HM56: 2.25 | HN56: 0 | HO56: =HG56 -> 3.755 | HP56: =HL56*HM56 -> 6.21 | HS56: Right | HT56: 1.09 | HU56: 1.25 | HV56: =HM56-HU56 -> 1 | HW56: =FK56 -> 1.135 | HX56: =HT56*HU56 -> 1.3625 | HY56: 1 | HZ56: =CC56-2*(HW56+HT56) -> 5.82 | IA56: Right
C57: 2 | D57: =CONCATENATE("CodeRed_",C57) -> CodeRed_2 | E57: =377*174/H57 -> 186.38289 | F57: Cribs | G57: =18.51*17.5/18.54 -> 17.471683 | H57: =CB57*CC57 -> 351.9529 | I57: =2*H57+2*(CB57+CC57)*CD57 -> 980.0538 | J57: =CQ57/I57 -> 0.36907453 | K57: C;Co | L57: =CQ57/(2*(CB57+CC57)*CD57) -> 1.3098516 | M57: =CQ57/(2*(CB57+CC57)*CD57-X57) -> 1.4597617 | N57: =CQ57/H57 -> 1.027731 | O57: =DC57/(2*(CB57+CC57)*CD57-X57) -> 0 | P57: =DP57/H57 -> 1 | S57: =EX57/(ES57*2*(ET57+EU57)) -> 1 | V57: N | W57: =(FA57*(FE57+1)*FD57+FI57*(FM57+1)*FL57+FQ57*(FU57+1)*FT57+FY57*(GC57+1)*GB57+GG57*(GK57+1)*GJ57+GO57*(GS57+1)*GR57+GW57*(HA57+1)*GZ57+HE57*(HI57+1)*HH57+HM57*(HQ57+1)*HP57+HU57*(HY57+1)*HX57)/X57 -> 1.8175976 | X57: =(FE57+1)*FD57+(FM57+1)*FL57+(FU57+1)*FT57+(GC57+1)*GB57+(GK57+1)*GJ57+(GS57+1)*GR57+(HA57+1)*GZ57+(HI57+1)*HH57+(HQ57+1)*HP57+(HY57+1)*HX57 -> 28.359 | Y57: =X57*SQRT(W57)/I57 -> 0.03901125 | Z57: 99 | AA57: 53 | AB57: =Z57-AA57 -> 46 | AC57: =AA57/H57*1000 -> 150.58833 | AE57: 240823 HRR_Experiments.xlsx | AJ57: 3 | AL57: 1053 | AM57: 180 | AW57: Y | AX57: 180 | BC57: =AVERAGE(25,26,29,30,29) -> 27.8 | BD57: 25 | BE57: 30 | BN57: 35 | BO57: 5 | BP57: 96 | BR57: 0.05 | BS57: Rear | BT57: Above | BU57: 1000 | BV57: 140 | BW57: This paper presents novel experimental evidence from CodeRed #02, the second in a series of fire experiments carried out inside a purpose-built, open-plan compartment with combustible linings to capture fire dynamics in large compartments with exposed timber. The aim of the CodeRed #02 experiment was to assess the impact of a circa 50% reduction in ventilation, compared to CodeRed #01,on fire dynamics while keeping all other relevant parameters the same. One experiment has been undertaken for each configuration and therefore the conclusions from this research would benefit from further studies. It was observed that the end of flaming combustion for CodeRed #02 was 4 min 30 s after that of CodeRed #01 where flaming combustion ceased at 22 min 30 s. This corresponds to a 20% increase in fire duration. Considering the time from when the CLT ceiling ignited (i.e. discounting the time for initial fire growth until the ceiling ignited), which not likely related to the ventilation of the compartment, the end of flaming combustion in CodeRed #02 was 1 min 24 s after that of CodeRed #01: a 15.6% increase in flaming duration. The observations of the flame propagation, external flaming, and temperature development suggest that CodeRed #02 was, largely, limited by the ventilation. However, towards the ends of the compartment some characteristics of fuel-controlled behaviour were also observed. In both CodeRed experiments, leading and trailing edges were observed, characteristic of a fuel controlled/travelling fire. The average flame spread rate across the CLT was 0.15 m/s compared to 0.20 m/s for CodeRed #01 (_x0003_23%), and 0.15 m/s across the wood crib (after CLT ignition), compared to 0.16 m/s in CodeRed #01 (_x0003_8%). As such the reduction in ventilation appeared to have a greater overall impact on the spread rate of flame across the CLT than the crib. The maximum temperature and incident heat fluxes inside the compartment remained approximately the same as CodeRed #01, however the patterns in the development of temperatures are different. In areas away from openings, the maximum temperatures in CodeRed #02 were reached later (around 20 min after ignition) than in CodeRed #01 (5–10 min). Similarly, the incident heat fluxes at the ceiling grew more slowly (over a period of 15–20 min) than in CodeRed #01,and reached a peak of 267 kW/m2. This is likely due to the initial lack of oxygen supply, resulting in a ventilation controlled burning regime which gradually transitioned to a fuel controlled regime as the fuel was consumed at either end of the compartment near the large openings. The heat release rate of CodeRed #02 was estimated to be 99 MW which is 18% lower than the 121 MW estimated for CodeRed #01. This assumes that combustion efficiency was the same between the two experiments for comparison purposes although it is recognised that in CodeRed #02 combustion was less efficient due to lack of ventilation, evident in the increased smoke production observed in CodeRed #02. In CodeRed #02 the flaming of the CLT completely ended 30s after the flaming of the cribs ended (26 min 30 s). This is unlike CodeRed #01 where the flaming of the CLT ended 5 min before the flaming of the cribs (17 min 30 s and 22 min 30 s respectively). In both cases, the CLT flaming ceased when compartment temperatures were decaying. The greatest calculated heat fluxes at the time flaming combustion of the CLT ceased were 111 and 50 kW/m2 for CodeRed #01 and #02 respectively. The rate of decay of temperatures in CodeRed #02 after the end of flaming is 9.7_x000E_C/min which is a is 13% decrease in cooling rate compared to CodeRed #01 with 11.2_x000E_C/min. This suggests that the 50% reduction in ventilation reduced the rate of temperature decay (i.e., overall time period of decay is longer). The percentage change in cooling rate is similar to that of the change in fire spread rate across the CLT and wood crib (15.5%). With regards to external fire spread, the conditions were generally more onerous in CodeRed #02 than in #01. The external flames were higher, reaching heights of up 3 to 3.5 m depending on the window location, the flames protruded much further (laterally) from the compartment from the large end openings the flames and the duration of the external flaming was also longer in CodeRed #02 than in #01. The average char depth across the ceiling was _x0018_28 mm, an 11% increase in overall char depth compared to CodeRed #01 (25 mm). This increase in char depth is likely due to the 15.6% increase in burning duration of the CLT and more prolonged decay. In CodeRed #02 the variation in char depth with position along the compartment was less than in CodeRed #01. In both experiments the char depth plateaued and was the greatest toward the end of the compartment. The variation in average char depths along the compartment was within 22% for CodeRed #02, while in CodeRed #01 it by varied by up to 75%. In both CodeRed #01 and #02 the greatest char depths were measured on lower part of the columns due to the on-going smouldering of the fuel bed after the end of flaming. In CodeRed #02, _x0018_32 h after the end of flaming, the base of column one had smouldered to the extent that it lost its attachment to the base plate, which was not representative of real building conditions, and fell to the ground which resulted in the complete smouldering along the length of the column. Smouldering combustion, in both experiments, continued in junctions/interfaces between the CLT panels and the central beam or external walls for the following 60 h until suppression or natural extinction. Seven hot spots were identified after the end of flaming that resulted in holes being created in the CLT slab. One of the hotspots transitioned to flaming and was successfully suppressed with a water hose. Further research is necessary to establish potential links between smouldering and the conditions that affect its occurrence in specific locations such as junctions. Understanding where smouldering may occur is important as connections are critical locations for the loadbearing capacity of structural members. The findings from the fire dynamics characteristics and performance of mass timber structure observed in CodeRed #02 can help to improve understanding of fire dynamics in open-plan compartmentswithmasstimberceilingandhelptodevelopfiresafety engineering guidance and new design tools for mass timber buildings. | CB57: 34.27 | CC57: 10.27 | CD57: 3.1 | CM57: 0.04 | CN57: 135 | CO57: 0.65 | CP57: 21 | CQ57: =DC57+DP57+IF(ISNUMBER(EB57),EB57,0)+EM57+EX57 -> 361.7129 | CR57: concrete, lightweight | CS57: 365 | DD57: CLT | DE57: 140 | DJ57: CLT 5-ply (40-20-20-20-40) | DK57: lue line interity following EN1995-1-2 | DL57: 0.111 | DM57: 450 | DN57: 18.79 | DO57: =CB57*CC57 -> 351.9529 | DP57: =DO57*100% -> 351.9529 | DQ57: concrete | DR57: 200 | EN57: 2 | EO57: GL | EP57: PUR Adhesive | ES57: =3.05*EN57 -> 6.1 | ET57: 0.4 | EU57: 0.4 | EW57: 4 | EX57: =ES57*2*(ET57+EU57) -> 9.76 | EY57: =+FE57+1+FM57+1+FU57+1+GC57+1+GK57+1+GS57+1+HA57+1+HI57+1 -> 13 | EZ57: 2.76 | FA57: 2.25 | FB57: 0 | FC57: =HG57 -> 3.755 | FD57: =EZ57*FA57 -> 6.21 | FG57: Right | FH57: 1.09 | FI57: 1 | FJ57: =2.25-FI57 -> 1.25 | FK57: =(CB57-5.8*2-6.8*3)/2+FH57+FN56 -> 2.9607143 | FL57: =FH57*FI57 -> 1.09 | FM57: 1 | FN57: =FN56*2+FH57 -> 2.5614286 | FO57: Rear | FP57: 1.09 | FQ57: 1 | FR57: =FJ57 -> 1.25 | FS57: =FS56+2*(FP57+FV56) -> 18.396429 | FT57: =FP57*FQ57 -> 1.09 | FV57: =FN57 -> 2.5614286 | FW57: Rear | FX57: 1.09 | FY57: 1 | FZ57: =FR57 -> 1.25 | GA57: =GA56*FX57+GD56 -> 27.70465 | GB57: =FX57*FY57 -> 1.09 | GC57: 1 | GD57: =FV57 -> 2.5614286 | GE57: Rear | GF57: 1.09 | GG57: 1 | GH57: =FZ57 -> 1.25 | GI57: =FK57 -> 2.9607143 | GJ57: =GF57*GG57 -> 1.09 | GK57: 1 | GL57: =GD57 -> 2.5614286 | GM57: Front | GN57: 1.09 | GO57: 1 | GP57: =GH57 -> 1.25 | GQ57: =GQ56+2*(GN57+GT56) -> 19.265 | GR57: =GN57*GO57 -> 1.09 | GS57: 1 | GT57: =4*GT56+3*GN57 -> 6.2128571 | GU57: Front | GV57: 1.362 | GW57: 2.25 | GX57: 0 | GY57: 0 | GZ57: =GV57*GW57 -> 3.0645 | HA57: 1 | HB57: =CC57-2*GV57 -> 7.546 | HC57: Left | HD57: 2.76 | HE57: 2.25 | HF57: 0 | HG57: =(CC57-HD57)/2 -> 3.755 | HH57: =HD57*HE57 -> 6.21 | HK57: Left
A58: RISE | B58: Boe & Al | C58: 1 | D58: =CONCATENATE("FRIC_",C58) -> FRIC_1 | E58: 353 | F58: Cribs | G58: 16 | H58: =CB58*CC58 -> 94 | I58: =2*H58+2*(CB58+CC58)*CD58 -> 307.952 | J58: =CQ58/I58 -> 0.28998026 | K58: C | L58: =CQ58/(2*(CB58+CC58)*CD58) -> 0.74446445 | M58: =CQ58/(2*(CB58+CC58)*CD58-X58) -> 1.0817424 | N58: =CQ58/H58 -> 0.95 | O58: =DC58/(2*(CB58+CC58)*CD58-X58) -> 0 | P58: =DP58/H58 -> 0.95 | V58: N | W58: =(FA58*(FE58+1)*FD58+FI58*(FM58+1)*FL58+FQ58*(FU58+1)*FT58+FY58*(GC58+1)*GB58+GG58*(GK58+1)*GJ58+GO58*(GS58+1)*GR58+GW58*(HA58+1)*GZ58+HE58*(HI58+1)*HH58+HM58*(HQ58+1)*HP58+HU58*(HY58+1)*HX58)/X58 -> 2.2 | X58: =(FE58+1)*FD58+(FM58+1)*FL58+(FU58+1)*FT58+(GC58+1)*GB58+(GK58+1)*GJ58+(GS58+1)*GR58+(HA58+1)*GZ58+(HI58+1)*HH58+(HQ58+1)*HP58+(HY58+1)*HX58 -> 37.4 | Y58: =X58*SQRT(W58)/I58 -> 0.18013575 | Z58: 41 | AA58: 20 | AB58: 21 | AC58: =AA58/H58*1000 -> 212.76596 | AE58: 240823 HRR_Experiments.xlsx | AJ58: 3 | AK58: 0.8 | AL58: 1040 | AM58: 240 | AR58: 61.6 | AT58: 90.2 | AV58: 120 | AW58: Y | AX58: 240 | BC58: 26 | BD58: 20 | BE58: 40 | BF58: =AVERAGE(1.02,1.13,1.26,1.13) -> 1.135 | BR58: 1.8 | BS58: Front | BT58: Above | BU58: 600 | BV58: 40 | CB58: 18.8 | CC58: 5 | CD58: 2.52 | CM58: negligible | CP58: =15 -> 15 | CQ58: =DC58+DP58+IF(ISNUMBER(EB58),EB58,0)+EM58+EX58 -> 89.3 | CR58: plasterBoard Type F | CS58: =2*15 -> 30 | CT58: CLT | CU58: 140 | CX58: CLT 5-ply (40-20-20-20-40) | CY58: Norvwegian spruce PUR | CZ58: 0.128 | DA58: 484 | DB58: =2*(CB58+CC58)*CD58-$X$51 -> 111.95624 | DD58: CLT | DE58: 140 | DJ58: CLT 5-ply (40-20-20-20-40) | DK58: Norvwegian spruce | DL58: 0.128 | DM58: 484 | DO58: =CB58*CC58 -> 94 | DP58: 89.3 | DQ58: Stone wool insulation | DR58: 30 | DS58: concrete | DT58: 200 | EA58: =CB58*CC58 -> 94 | EC58: 1 | ED58: GL | EH58: 18.8 | EI58: 0.14 | EJ58: 0.315 | EY58: =+FE58+1 -> 4 | EZ58: 4.25 | FA58: 2.2 | FB58: 0 | FC58: 0 | FD58: =EZ58*FA58 -> 9.35 | FE58: 3 | FF58: 0.6 | FG58: Front
C59: 2 | D59: =CONCATENATE("FRIC_",C59) -> FRIC_2 | E59: 353 | F59: Cribs | G59: 16 | H59: =CB59*CC59 -> 94 | I59: =2*H59+2*(CB59+CC59)*CD59 -> 307.952 | J59: =CQ59/I59 -> 0.44292617 | K59: W;C | L59: =CQ59/(2*(CB59+CC59)*CD59) -> 1.1371215 | M59: =CQ59/(2*(CB59+CC59)*CD59-X59) -> 1.6522919 | N59: =CQ59/H59 -> 1.4510638 | O59: =DC59/(2*(CB59+CC59)*CD59-X59) -> 0.57054947 | P59: =DP59/H59 -> 0.95 | V59: N | W59: =(FA59*(FE59+1)*FD59+FI59*(FM59+1)*FL59+FQ59*(FU59+1)*FT59+FY59*(GC59+1)*GB59+GG59*(GK59+1)*GJ59+GO59*(GS59+1)*GR59+GW59*(HA59+1)*GZ59+HE59*(HI59+1)*HH59+HM59*(HQ59+1)*HP59+HU59*(HY59+1)*HX59)/X59 -> 2.2 | X59: =(FE59+1)*FD59+(FM59+1)*FL59+(FU59+1)*FT59+(GC59+1)*GB59+(GK59+1)*GJ59+(GS59+1)*GR59+(HA59+1)*GZ59+(HI59+1)*HH59+(HQ59+1)*HP59+(HY59+1)*HX59 -> 37.4 | Y59: =X59*SQRT(W59)/I59 -> 0.18013575 | Z59: =35+13+24.5 -> 72.5 | AA59: 35 | AB59: =13+24.5 -> 37.5 | AC59: =AA59/H59*1000 -> 372.34043 | AE59: 240823 HRR_Experiments.xlsx | AJ59: 3 | AK59: 0.8 | AL59: 1172 | AM59: 175 | AV59: 76 | AW59: N | AX59: 76 | AY59: =40/AVERAGE(79.3,77.4,78.4)*AX59 -> 38.792003 | AZ59: 39 | BA59: 39 | BB59: =AY59/AX59 -> 0.5104211 | BC59: =40/AVERAGE(81.3,79.6,89.9,83.6)*AX59 -> 36.363636 | BD59: 36 | BE59: 36 | BF59: =BC59/AX59 -> 0.4784689 | BR59: 1.8 | BS59: Front | BT59: Above | BU59: 865 | BV59: 96 | CB59: 18.8 | CC59: 5 | CD59: 2.52 | CM59: 2 | CN59: 130 | CP59: =15 -> 15 | CQ59: =DC59+DP59+IF(ISNUMBER(EB59),EB59,0)+EM59+EX59 -> 136.4 | CR59: CLT | CS59: 140 | CX59: CLT 5-ply (40-20-20-20-40) | CY59: Norvwegian spruce PUR | CZ59: 0.141 | DA59: 484 | DB59: =2*(CB59+CC59)*CD59-$X$51 -> 111.95624 | DC59: =47.1 -> 47.1 | DD59: CLT | DE59: 140 | DJ59: CLT 5-ply (40-20-20-20-40) | DK59: Norvwegian spruce | DL59: 0.128 | DM59: 484 | DO59: =CB59*CC59 -> 94 | DP59: 89.3 | DQ59: Stone wool insulation | DR59: 30 | DS59: concrete | DT59: 200 | EA59: =CB59*CC59 -> 94 | EC59: 1 | ED59: GL | EH59: 18.8 | EI59: 0.14 | EJ59: 0.315 | EY59: =+FE59+1 -> 4 | EZ59: 4.25 | FA59: 2.2 | FB59: 0 | FC59: 0 | FD59: =EZ59*FA59 -> 9.35 | FE59: 3 | FF59: 0.6 | FG59: Front
A60: AdivBois | B60: AdivBois | C60: 0 | D60: =CONCATENATE($A$60,"_",C60) -> AdivBois_0 | E60: 350 | F60: Cribs | G60: 15.8 | H60: =CB60*CC60 -> 28.5825 | I60: =2*H60+2*(CB60+CC60)*CD60 -> 112.805 | J60: =CQ60/I60 -> 0 | K60: 0 | L60: =CQ60/(2*(CB60+CC60)*CD60) -> 0 | M60: =CQ60/(2*(CB60+CC60)*CD60-X60) -> 0 | N60: =CQ60/H60 -> 0 | V60: N | W60: =SUM(FD60*FA60+FL60*FI60+FT60*FQ60+GB60*FY60+GJ60*GG60+GR60*GO60)/X60 -> 1.5 | X60: =FD60+FL60+FT60+GB60+GJ60+GR60 -> 5.4 | Y60: =X60*SQRT(W60)/I60 -> 0.058628805 | AC60: =AA60/H60*1000 -> 0 | AE60: 240823 HRR_Experiments.xlsx | AF60: 240823 HRR_Experiments.xlsx | AI60: 0.5 | AK60: 0.78 | AL60: 990 | AM60: 180 | AW60: ' | AX60: 0 | BW60: Froggies aren't so bad | CB60: 5.15 | CC60: 5.55 | CD60: 2.6 | CL60: 101500 | CM60: =6*1000/60/60 -> 1.6666667 | CN60: 270 | CO60: 0.5 | CP60: 24 | CQ60: =DC60+DP60+IF(ISNUMBER(EB60),EB60,0)+EM60+EX60 -> 0 | CR60: Gypsum Board, Type X (5/8 in) | CS60: =12.7*2 -> 25.4 | CT60: concrete, lightweight | CU60: 175 | DB60: =2*(CB60+CC60)*CD60-X60 -> 50.24 | DC60: 0 | DD60: GlassFibre 1 | DE60: 50 | DF60: concrete, lightweight | DG60: 225 | DQ60: Gypsum Board, Type X (5/8 in) | DR60: 12.7 | DS60: GlassFibre 1 | DT60: 200 | DU60: concrete | DV60: 100 | EY60: 2 | EZ60: 2.15 | FA60: 1.5 | FB60: 0.7 | FC60: 0.4 | FD60: =EZ60*FA60 -> 3.225 | FG60: Front | FH60: 1.45 | FI60: 1.5 | FJ60: 0.7 | FK60: 3.1 | FL60: =FH60*FI60 -> 2.175 | FO60: Front
C61: 1 | D61: =CONCATENATE($A$60,"_",C61) -> AdivBois_1 | E61: 968 | H61: =CB61*CC61 -> 28.5825 | I61: =2*H61+2*(CB61+CC61)*CD61 -> 112.805 | J61: =CQ61/I61 -> 0.12791986 | K61: W | L61: =CQ61/(2*(CB61+CC61)*CD61) -> 0.25934579 | M61: =CQ61/(2*(CB61+CC61)*CD61-X61) -> 0.28722134 | N61: =CQ61/H61 -> 0.50485437 | O61: =DC61/(2*(CB61+CC61)*CD61-X60) -> 0.28722134 | P61: =DP61/H61 -> 0 | Q61: =EB61/H61 -> 0 | V61: N | W61: =SUM(FD61*FA61+FL61*FI61+FT61*FQ61+GB61*FY61+GJ61*GG61+GR61*GO61)/X61 -> 1.5 | X61: =FD61+FL61+FT61+GB61+GJ61+GR61 -> 5.4 | Y61: =X61*SQRT(W61)/I61 -> 0.058628805 | Z61: 9 | AA61: 6 | AB61: 4 | AC61: =AA61/H61*1000 -> 209.91866 | AE61: 240823 HRR_Experiments.xlsx | AF61: 240823 HRR_Experiments.xlsx | AI61: 0.5 | AK61: - | AL61: 1100 | AM61: 180 | AW61: Y | AX61: 480 | AY61: =AVERAGE(98,88,80,85,75,75) -> 83.5 | AZ61: 75 | BA61: 98 | BB61: =AVERAGE(0.72,0.97) -> 0.845 | CB61: 5.15 | CC61: 5.55 | CD61: 2.6 | CF61: 0.5 | CL61: 98200 | CM61: =6*1000/60/60 -> 1.6666667 | CN61: 270 | CO61: 0.59 | CP61: 16 | CQ61: =DC61+DP61+IF(ISNUMBER(EB61),EB61,0)+EM61+EX61 -> 14.43 | CR61: Gypsum Board, Type X (5/8 in) | CS61: =12.7*2 -> 25.4 | CT61: concrete, lightweight | CU61: 175 | CV61: CLT | CW61: 220 | CX61: CLT 5-ply 40-45-45-45-45mm | CY61: Plicroisé® Belliard constuction - MUF | DB61: =2*(CB61+CC61)*CD61-X61 -> 50.24 | DC61: =CC61*CD61 -> 14.43 | DD61: GlassFibre 1 | DE61: 50 | DF61: concrete, lightweight | DG61: 225 | DQ61: Gypsum Board, Type X (5/8 in) | DR61: 12.7 | DS61: GlassFibre 1 | DT61: 200 | DU61: concrete | DV61: 100 | EY61: 2 | EZ61: 2.15 | FA61: 1.5 | FB61: 0.7 | FC61: 0.4 | FD61: =EZ61*FA61 -> 3.225 | FG61: Front | FH61: 1.45 | FI61: 1.5 | FJ61: 0.7 | FK61: 3.1 | FL61: =FH61*FI61 -> 2.175 | FO61: Front
C62: 2 | D62: =CONCATENATE($A$60,"_",C62) -> AdivBois_2 | E62: 809 | H62: =CB62*CC62 -> 28.5825 | I62: =2*H62+2*(CB62+CC62)*CD62 -> 113.661 | J62: =CQ62/I62 -> 0.25147148 | K62: C | L62: =CQ62/(2*(CB62+CC62)*CD62) -> 0.50592077 | M62: =CQ62/(2*(CB62+CC62)*CD62-X62) -> 0.64453389 | N62: =CQ62/H62 -> 1 | O62: =DC62/(2*(CB62+CC62)*CD62-X61) -> 0 | P62: =DP62/H62 -> 1 | Q62: =EB62/H62 -> 0 | V62: N | W62: =SUM(FD62*FA62+FL62*FI62+FT62*FQ62+GB62*FY62+GJ62*GG62+GR62*GO62)/X62 -> 1.5 | X62: =FD62+FL62+FT62+GB62+GJ62+GR62 -> 12.15 | Y62: =X62*SQRT(W62)/I62 -> 0.13092134 | Z62: 11 | AA62: 6 | AB62: 7 | AC62: =AA62/H62*1000 -> 209.91866 | AE62: 240823 HRR_Experiments.xlsx | AF62: 240823 HRR_Experiments.xlsx | AI62: 0.5 | AK62: 0.86 | AL62: 1108 | AM62: 180 | AW62: Y | AX62: 480 | BC62: =AVERAGE(40,51,50) -> 47 | BD62: 40 | BE62: 50 | BF62: =AVERAGE(0.63,0.86) -> 0.745 | CB62: 5.15 | CC62: 5.55 | CD62: 2.64 | CF62: 0.5 | CL62: 99800 | CM62: =7*1000/60/60 -> 1.9444444 | CN62: =45/2 -> 22.5 | CO62: 0.61 | CP62: 15 | CQ62: =DC62+DP62+IF(ISNUMBER(EB62),EB62,0)+EM62+EX62 -> 28.5825 | CR62: Gypsum Board, Type X (5/8 in) | CS62: =12.7*2 -> 25.4 | CT62: concrete, lightweight | CU62: 175 | CY62: Plicroisé® Belliard constuction - MUF | DB62: =2*(CB62+CC62)*CD62-X62 -> 44.346 | DD62: CLT | DE62: 220 | DJ62: CLT 5-ply 45-45-45-45-40mm | DK62: Plicroisé® Belliard constuction - MUF | DO62: =CB62*CC62 -> 28.5825 | DP62: =DO62 -> 28.5825 | DQ62: Gypsum Board, Type X (5/8 in) | DR62: 12.7 | DS62: GlassFibre 1 | DT62: 200 | DU62: concrete | DV62: 100 | EY62: 4 | EZ62: 2.15 | FA62: 1.5 | FB62: 0.7 | FC62: 0.4 | FD62: =EZ62*FA62 -> 3.225 | FG62: Front | FH62: 1.45 | FI62: 1.5 | FJ62: 0.7 | FK62: 3.1 | FL62: =FH62*FI62 -> 2.175 | FO62: Front | FP62: 2.25 | FQ62: 1.5 | FR62: 0.7 | FS62: 0.5 | FT62: =FP62*FQ62 -> 3.375 | FW62: Right | FX62: 2.25 | FY62: 1.5 | FZ62: 0.7 | GA62: 0.5 | GB62: =FX62*FY62 -> 3.375 | GE62: Left
C63: 3 | D63: =CONCATENATE($A$60,"_",C63) -> AdivBois_3 | E63: 795 | H63: =CB63*CC63 -> 28.5825 | I63: =2*H63+2*(CB63+CC63)*CD63 -> 113.661 | J63: =CQ63/I63 -> 0.21908438 | K63: B;Co | L63: =CQ63/(2*(CB63+CC63)*CD63) -> 0.44076306 | M63: =CQ63/(2*(CB63+CC63)*CD63-X63) -> 0.56152415 | N63: =CQ63/H63 -> 0.87120966 | O63: =DC63/(2*(CB63+CC63)*CD63-X62) -> 0 | P63: =DP63/H63 -> 0 | Q63: =EB63/H63 -> 0 | R63: =EM63/(EH63*2*(EI63+EJ63)) -> 0.75780139 | S63: =EX63/(ES63*2*(ET63+EU63)) -> 1 | V63: N | W63: =SUM(FD63*FA63+FL63*FI63+FT63*FQ63+GB63*FY63+GJ63*GG63+GR63*GO63)/X63 -> 1.5 | X63: =FD63+FL63+FT63+GB63+GJ63+GR63 -> 12.15 | Y63: =X63*SQRT(W63)/I63 -> 0.13092134 | Z63: 8 | AA63: 5 | AB63: 5 | AC63: =AA63/H63*1000 -> 174.93221 | AF63: 240823 HRR_Experiments.xlsx | AI63: 0.5 | AK63: 0.7 | AL63: 1040 | AM63: 180 | AW63: Y | AX63: 480 | BJ63: =AVERAGE('Char measurement'!R28:T43) -> 54.6875 | BK63: =MIN('Char measurement'!R28:T43) -> 32.5 | BL63: =MAX('Char measurement'!R28:T43) -> 95 | BM63: =AVERAGE(0.56,1.22) -> 0.89 | BN63: =AVERAGE('Char measurement'!V28:W29) -> 42.6875 | BO63: =MIN('Char measurement'!V28:W29) -> 27 | BP63: =MAX('Char measurement'!V28:W29) -> 57.5 | BQ63: =AVERAGE(0.8,1.28) -> 1.04 | CB63: 5.15 | CC63: 5.55 | CD63: 2.64 | CF63: 0.5 | CL63: 102200 | CM63: =3*1000/60/60 -> 0.83333333 | CN63: =360-22.5 -> 337.5 | CO63: 0.89 | CP63: 17 | CQ63: =DC63+DP63+IF(ISNUMBER(EB63),EB63,0)+EM63+EX63 -> 24.90135 | CR63: Gypsum Board, Type X (5/8 in) | CS63: =12.7*2 -> 25.4 | CT63: concrete, lightweight | CU63: 175 | DB63: =2*(CB63+CC63)*CD63-X63 -> 44.346 | DD63: GlassFibre 1 | DE63: 50 | DF63: concrete, lightweight | DG63: 225 | DQ63: Gypsum Board, Type X (5/8 in) | DR63: 12.7 | DS63: GlassFibre 1 | DT63: 200 | DU63: concrete | DV63: 100 | EC63: 9 | ED63: GL | EH63: =CC63*4+CB63-EI63*4 -> 26.49 | EI63: 0.215 | EJ63: 0.32 | EL63: 3w | EM63: =(EH63-ET63)*EI63+2*(EH63-8*EI63)*EJ63 -> 21.47935 | EN63: 1 | ES63: 2.36 | ET63: 0.32 | EU63: 0.405 | EW63: 4 | EX63: =2*(ET63+EU63)*ES63 -> 3.422 | EY63: 4 | EZ63: 2.15 | FA63: 1.5 | FB63: 0.7 | FC63: 0.4 | FD63: =EZ63*FA63 -> 3.225 | FG63: Front | FH63: 1.45 | FI63: 1.5 | FJ63: 0.7 | FK63: 3.1 | FL63: =FH63*FI63 -> 2.175 | FO63: Front | FP63: 2.25 | FQ63: 1.5 | FR63: 0.7 | FS63: 0.5 | FT63: =FP63*FQ63 -> 3.375 | FW63: Right | FX63: 2.25 | FY63: 1.5 | FZ63: 0.7 | GA63: 0.5 | GB63: =FX63*FY63 -> 3.375 | GE63: Left
C64: 4 | D64: =CONCATENATE($A$60,"_",C64) -> AdivBois_4 | E64: 822 | H64: =CB64*CC64 -> 28.5825 | I64: =2*H64+2*(CB64+CC64)*CD64 -> 113.661 | J64: =CQ64/I64 -> 0.25147148 | K64: C | L64: =CQ64/(2*(CB64+CC64)*CD64) -> 0.50592077 | M64: =CQ64/(2*(CB64+CC64)*CD64-X64) -> 0.64453389 | N64: =CQ64/H64 -> 1 | O64: =DC64/(2*(CB64+CC64)*CD64-X63) -> 0 | P64: =DP64/H64 -> 1 | Q64: =EB64/H64 -> 0 | V64: N | W64: =SUM(FD64*FA64+FL64*FI64+FT64*FQ64+GB64*FY64+GJ64*GG64+GR64*GO64)/X64 -> 1.5 | X64: =FD64+FL64+FT64+GB64+GJ64+GR64 -> 12.15 | Y64: =X64*SQRT(W64)/I64 -> 0.13092134 | Z64: 13 | AA64: 7 | AB64: 9 | AC64: =AA64/H64*1000 -> 244.9051 | AE64: 240823 HRR_Experiments.xlsx | AF64: 240823 HRR_Experiments.xlsx | AI64: 0.5 | AL64: 1040 | AM64: 180 | AV64: 45 | AW64: Y | AX64: 480 | BC64: =AVERAGE(90,90,102) -> 94 | BD64: 90 | BE64: 102 | BF64: =AVERAGE(0.65,2.53) -> 1.59 | CB64: 5.15 | CC64: 5.55 | CD64: 2.64 | CF64: 0.5 | CL64: 102200 | CM64: =10*1000/60/60 -> 2.7777778 | CN64: 0 | CO64: 0.57 | CP64: 14 | CQ64: =DC64+DP64+IF(ISNUMBER(EB64),EB64,0)+EM64+EX64 -> 28.5825 | CR64: Gypsum Board, Type X (5/8 in) | CS64: =12.7*2 -> 25.4 | CT64: concrete, lightweight | CU64: 175 | CY64: CLT 5 ply 40mm (Stora Enso) - PU | DB64: =2*(CB64+CC64)*CD64-X64 -> 44.346 | DD64: CLT | DE64: 200 | DJ64: CLT 5-ply 40mm | DK64: StoreEnso® PU | DO64: =CB64*CC64 -> 28.5825 | DP64: =DO64 -> 28.5825 | DQ64: Gypsum Board, Type X (5/8 in) | DR64: 12.7 | DS64: GlassFibre 1 | DT64: 200 | DU64: concrete | DV64: 100 | EY64: 4 | EZ64: 2.15 | FA64: 1.5 | FB64: 0.7 | FC64: 0.4 | FD64: =EZ64*FA64 -> 3.225 | FG64: Front | FH64: 1.45 | FI64: 1.5 | FJ64: 0.7 | FK64: 3.1 | FL64: =FH64*FI64 -> 2.175 | FO64: Front | FP64: 2.25 | FQ64: 1.5 | FR64: 0.7 | FS64: 0.5 | FT64: =FP64*FQ64 -> 3.375 | FW64: Right | FX64: 2.25 | FY64: 1.5 | FZ64: 0.7 | GA64: 0.5 | GB64: =FX64*FY64 -> 3.375 | GE64: Left
A65: Technical University Zurich | B65: TIMPuls | C65: 0 | D65: =CONCATENATE($B$65,"_",C65) -> TIMPuls_0 | E65: 1085 | F65: Cribs | G65: 17.28 | H65: =CB65*CC65 -> 20.25 | I65: =2*H65+2*(CB65+CC65)*CD65 -> 83.7 | J65: =CQ65/I65 -> 0 | K65: 0 | L65: =CQ65/(2*(CB65+CC65)*CD65) -> 0 | M65: =CQ65/(2*(CB65+CC65)*CD65-X65) -> 0 | N65: =CQ65/H65 -> 0 | U65: =CQ65/(I65-H65-X65) -> 0 | V65: N | W65: =SUM(FD65*FA65+FL65*FI65+FT65*FQ65+GB65*FY65+GJ65*GG65+GR65*GO65)/X65 -> 2.2 | X65: =FD65+FL65+FT65+GB65+GJ65+GR65 -> 5.28 | Y65: =X65*SQRT(W65)/I65 -> 0.093566375 | AA65: 10 | AE65: Timpuls_0_2 | AM65: 180 | AO65: C(115-;NF) | AR65: 112 | AS65: 112 | AT65: 119.2 | AU65: 82.8 | AW65: ' | AX65: 150 | BR65: 1 | BS65: Front | BT65: Above | BU65: 900 | BV65: 55 | CB65: 4.5 | CC65: 4.5 | CD65: 2.4 | CQ65: =DC65+DP65+IF(ISNUMBER(EB65),EB65,0)+EM65+EX65 -> 0 | CR65: plasterBoard Type F | CS65: =25*2 -> 50 | CT65: CLT | CU65: 100 | CX65: CLT 5-ply 20mm | DB65: =2*(CB65+CC65)*CD65-X65 -> 37.92 | DC65: 0 | DD65: plasterBoard Type F | DE65: =25*2 -> 50 | DF65: CLT | DG65: 180 | DP65: =DO65 -> 0 | DQ65: Gypsum Board, Type X (5/8 in) | DR65: 12.7 | DS65: GlassFibre 1 | DT65: 200 | DU65: concrete | DV65: 100 | EY65: 1 | EZ65: 2.4 | FA65: 2.2 | FB65: 0 | FC65: =(CB65-EZ65)/2 -> 1.05 | FD65: =EZ65*FA65 -> 5.28 | FG65: Front
C66: 1 | D66: =CONCATENATE($B$65,"_",C66) -> TIMPuls_1 | E66: 1085 | H66: =CB66*CC66 -> 20.25 | I66: =2*H66+2*(CB66+CC66)*CD66 -> 83.7 | J66: =CQ66/I66 -> 0.24193548 | K66: W | L66: =CQ66/(2*(CB66+CC66)*CD66) -> 0.46875 | M66: =CQ66/(2*(CB66+CC66)*CD66-X66) -> 0.53401899 | N66: =CQ66/H66 -> 1 | O66: =DC66/(2*(CB66+CC66)*CD66-X65) -> 0 | P66: =DP66/H66 -> 1 | Q66: =EB66/H66 -> 0 | U66: =CQ66/(I66-H66-X66) -> 0.34811759 | V66: N | W66: =SUM(FD66*FA66+FL66*FI66+FT66*FQ66+GB66*FY66+GJ66*GG66+GR66*GO66)/X66 -> 2.2 | X66: =FD66+FL66+FT66+GB66+GJ66+GR66 -> 5.28 | Y66: =X66*SQRT(W66)/I66 -> 0.093566375 | AA66: 8 | AB66: 8 | AE66: Timpuls_0_2 | AM66: 180 | AO66: W_CLT(40-54) | AP66: 37 | AR66: 36.4 | AT66: 63.6 | AV66: 85? | AW66: N | AX66: 93 | AY66: 35 | BC66: 80 | BR66: 1 | BS66: Front | BT66: Above | BU66: 1080 | BV66: 85 | CB66: 4.5 | CC66: 4.5 | CD66: 2.4 | CQ66: =DC66+DP66+IF(ISNUMBER(EB66),EB66,0)+EM66+EX66 -> 20.25 | CR66: plasterBoard Type F | CS66: 18 | CT66: CLT | CU66: 100 | CX66: CLT 5-ply 20mm | DB66: =2*(CB66+CC66)*CD66-X66 -> 37.92 | DC66: 0 | DD66: CLT | DE66: 180 | DO66: =CB66*CC66 -> 20.25 | DP66: =DO66 -> 20.25 | DQ66: Gypsum Board, Type X (5/8 in) | DR66: 12.7 | DS66: GlassFibre 1 | DT66: 200 | DU66: concrete | DV66: 100 | EY66: 1 | EZ66: 2.4 | FA66: 2.2 | FB66: 0 | FC66: =(CB66-EZ66)/2 -> 1.05 | FD66: =EZ66*FA66 -> 5.28 | FG66: Front
C67: 2 | D67: =CONCATENATE($B$65,"_",C67) -> TIMPuls_2 | E67: 1085 | H67: =CB67*CC67 -> 20.25 | I67: =2*H67+2*(CB67+CC67)*CD67 -> 83.7 | J67: =CQ67/I67 -> 0.25806452 | K67: C | L67: =CQ67/(2*(CB67+CC67)*CD67) -> 0.5 | M67: =CQ67/(2*(CB67+CC67)*CD67-X67) -> 0.56962025 | N67: =CQ67/H67 -> 1.0666667 | O67: =DC67/(2*(CB67+CC67)*CD67-X66) -> 0.56962025 | P67: =DP67/H67 -> 0 | Q67: =EB67/H67 -> 0 | U67: =CQ67/(I67-H67-X67) -> 0.37132543 | V67: N | W67: =SUM(FD67*FA67+FL67*FI67+FT67*FQ67+GB67*FY67+GJ67*GG67+GR67*GO67)/X67 -> 2.2 | X67: =FD67+FL67+FT67+GB67+GJ67+GR67 -> 5.28 | Y67: =X67*SQRT(W67)/I67 -> 0.093566375 | AA67: 9 | AB67: 8 | AE67: Timpuls_0_2 | AM67: 180 | AO67: C(43-51;62-69) | AQ67: 63 | AR67: 76.7 | AS67: 76.7 | AT67: 119.2 | AU67: 82.8 | AV67: 80? | AW67: N | AX67: 92 | AY67: 75 | BC67: 30 | BR67: 1 | BS67: Front | BT67: Above | BU67: 950 | BV67: 61 | CB67: 4.5 | CC67: 4.5 | CD67: 2.4 | CQ67: =DC67+DP67+IF(ISNUMBER(EB67),EB67,0)+EM67+EX67 -> 21.6 | CR67: plasterBoard Type F | CS67: 36 | CT67: CLT | CU67: 150 | CX67: CLT 5-ply 20mm | DB67: =2*(CB67+CC67)*CD67-X67 -> 37.92 | DC67: =2*CB67*CD67 -> 21.6 | DD67: plasterBoard Type F | DE67: =18*2 -> 36 | DF67: CLT | DG67: 220 | DP67: =DO67 -> 0 | DQ67: Gypsum Board, Type X (5/8 in) | DR67: 12.7 | DS67: GlassFibre 1 | DT67: 200 | DU67: concrete | DV67: 100 | EY67: 1 | EZ67: 2.4 | FA67: 2.2 | FB67: 0 | FC67: =(CB67-EZ67)/2 -> 1.05 | FD67: =EZ67*FA67 -> 5.28 | FG67: Front
C68: 3 | D68: =CONCATENATE($B$65,"_",C68) -> TIMPuls_3 | E68: 1085 | H68: =CB68*CC68 -> 40.5 | I68: =2*H68+2*(CB68+CC68)*CD68 -> 145.8 | J68: =CQ68/I68 -> 0.27777778 | K68: B;Co | L68: =CQ68/(2*(CB68+CC68)*CD68) -> 0.625 | M68: =CQ68/(2*(CB68+CC68)*CD68-X68) -> 0.72894168 | N68: =CQ68/H68 -> 1 | O68: =DC68/(2*(CB68+CC68)*CD68-X67) -> 0 | P68: =DP68/H68 -> 1 | Q68: =EB68/H68 -> 0 | U68: =CQ68/(I68-H68-X68) -> 0.42161149 | V68: N | W68: =SUM(FD68*FA68+FL68*FI68+FT68*FQ68+GB68*FY68+GJ68*GG68+GR68*GO68)/X68 -> 2.2 | X68: =FD68+FL68+FT68+GB68+GJ68+GR68 -> 9.24 | Y68: =X68*SQRT(W68)/I68 -> 0.093999553 | AA68: 17 | AB68: 26 | AE68: Timpuls_3_4 | AM68: 180 | AO68: W_LF(43-63) W12.5(50) W18(60) | AP68: 53 | AR68: 49 | AT68: 66 | AW68: N | AX68: 150 | AY68: 100 | BC68: 90 | BR68: 1 | BS68: Front | BT68: Above | BU68: 1180 | BV68: 107 | CB68: 9 | CC68: 4.5 | CD68: 2.4 | CQ68: =DC68+DP68+IF(ISNUMBER(EB68),EB68,0)+EM68+EX68 -> 40.5 | CR68: plasterBoard Type F | CS68: =2*12.5 -> 25 | CT68: CLT | CU68: =2*12 -> 24 | CV68: CLT | CW68: 140 | DB68: =2*(CB68+CC68)*CD68-X68 -> 55.56 | DC68: 0 | DD68: CLT | DE68: 180 | DO68: =CB68*CC68 -> 40.5 | DP68: =DO68 -> 40.5 | DQ68: Gypsum Board, Type X (5/8 in) | DR68: 12.7 | DS68: GlassFibre 1 | DT68: 200 | DU68: concrete | DV68: 100 | EY68: 1 | EZ68: 4.2 | FA68: 2.2 | FB68: 0 | FC68: =(CB68-EZ68)/2 -> 2.4 | FD68: =EZ68*FA68 -> 9.24 | FG68: Front
C69: 4 | D69: =CONCATENATE($B$65,"_",C69) -> TIMPuls_4 | E69: 1085 | H69: =CB69*CC69 -> 40.5 | I69: =2*H69+2*(CB69+CC69)*CD69 -> 145.8 | J69: =CQ69/I69 -> 0.42699588 | K69: C | L69: =CQ69/(2*(CB69+CC69)*CD69) -> 0.96074074 | M69: =CQ69/(2*(CB69+CC69)*CD69-X69) -> 1.1205184 | N69: =CQ69/H69 -> 1.5371852 | O69: =DC69/(2*(CB69+CC69)*CD69-X68) -> 0.19438445 | P69: =DP69/H69 -> 0.93333333 | Q69: =EB69/H69 -> 0 | U69: =CQ69/(I69-H69-X69) -> 0.64809494 | V69: N | W69: =SUM(FD69*FA69+FL69*FI69+FT69*FQ69+GB69*FY69+GJ69*GG69+GR69*GO69)/X69 -> 2.2 | X69: =FD69+FL69+FT69+GB69+GJ69+GR69 -> 9.24 | Y69: =X69*SQRT(W69)/I69 -> 0.093999553 | AA69: 16 | AB69: 23 | AE69: Timpuls_3_4 | AM69: 180 | AO69: W(44-55;-) | AR69: 76.7 | AT69: 119.2 | AW69: N | AX69: 65 | AY69: 50 | BC69: 60 | BR69: 1 | BS69: Front | BT69: Above | BU69: 1160 | BV69: 109 | CB69: 9 | CC69: 4.5 | CD69: 2.4 | CQ69: =DC69+DP69+IF(ISNUMBER(EB69),EB69,0)+EM69+EX69 -> 62.256 | CR69: plasterBoard Type F | CS69: =2*18 -> 36 | CT69: CLT | CU69: 150 | DB69: =2*(CB69+CC69)*CD69-X69 -> 55.56 | DC69: =CC69*CD69 -> 10.8 | DD69: CLT | DE69: 180 | DO69: =CB69*CC69 -> 40.5 | DP69: =DO69-EH69*EI69 -> 37.8 | DQ69: Gypsum Board, Type X (5/8 in) | DR69: 12.7 | DS69: GlassFibre 1 | DT69: 200 | DU69: concrete | DV69: 100 | EC69: 1 | ED69: GL | EH69: =CB69 -> 9 | EI69: 0.3 | EJ69: 0.32 | EL69: 3w | EM69: =(2*EH69*EJ69+EI69*EH69)-EN69*ET69*EU69 -> 8.28 | EN69: 2 | EO69: GL | ES69: =EN69*CD69-EJ69 -> 4.48 | ET69: =0.3 -> 0.3 | EU69: 0.3 | EW69: 4 | EX69: =ES69*2*(ET69+EU69) -> 5.376 | EY69: 1 | EZ69: 4.2 | FA69: 2.2 | FB69: 0 | FC69: =(CB69-EZ69)/2 -> 2.4 | FD69: =EZ69*FA69 -> 9.24 | FG69: Front
A70: SEIFBOIS | B70: TH2.7 | C70: R60_25% | D70: =CONCATENATE("SeifBois_","B27_",C70) -> SeifBois_B27_R60_25% | E70: 450 | F70: Cribs | G70: 17.5 | H70: =CB70*CC70 -> 51.5824 | I70: =2*H70+2*(CB70+CC70)*CD70 -> 200.0248 | J70: =CQ70/I70 -> 0.12105999 | K70: C;B;Co | L70: =CQ70/(2*(CB70+CC70)*CD70) -> 0.25 | M70: =CQ70/(2*(CB70+CC70)*CD70-X70) -> 0.29111565 | N70: =CQ70/H70 -> 0.46944307 | O70: =DC70/(2*(CB70+CC70)*CD70-X70) -> 0 | P70: =DP70/H70 -> 0.26617704 | Q70: =EB70/H70 -> 0 | R70: =EM70/(EH70*2*(EI70+EJ70)) -> 0.5 | S70: =EX70/(ES70*2*(ET70+EU70)) -> 0.76923077 | V70: N | W70: =(FA70*(FE70+1)*FD70+FI70*(FM70+1)*FL70+FQ70*(FU70+1)*FT70+FY70*(GC70+1)*GB70+GG70*(GK70+1)*GJ70+GO70*(GS70+1)*GR70+GW70*(HA70+1)*GZ70+HE70*(HI70+1)*HH70+HM70*(HQ70+1)*HP70+HU70*(HY70+1)*HX70)/X70 -> 2.4 | X70: =(FE70+1)*FD70+(FM70+1)*FL70+(FU70+1)*FT70+(GC70+1)*GB70+(GK70+1)*GJ70+(GS70+1)*GR70+(HA70+1)*GZ70+(HI70+1)*HH70+(HQ70+1)*HP70+(HY70+1)*HX70 -> 13.68 | Y70: =X70*SQRT(W70)/I70 -> 0.10595169 | AM70: =480+60 -> 540 | AW70: ' | AX70: 240 | BR70: 4, 8, 12 | BS70: Left | BT70: Front | CB70: 6.26 | CC70: 8.24 | CD70: 3.34 | CP70: 20 | CQ70: =DC70+DP70+IF(ISNUMBER(EB70),EB70,0)+EM70+EX70 -> 24.215 | CR70: SIPOREX | CS70: 200 | DB70: =2*(CB70+CC70)*CD70-X70 -> 83.18 | DD70: CLT | DE70: 300 | DK70: Plicroisé® Belliard constuction - MUF | DO70: =CB70*CC70 -> 51.5824 | DP70: =51.82*25/84.14 *6.26/7.02 -> 13.73005 | DQ70: Gypsum Board, Type X (5/8 in) | DR70: 12.7 | DS70: GlassFibre 1 | DT70: 200 | DU70: concrete | DV70: 100 | EA70: =CB70*CC70 -> 51.5824 | EC70: 4 | ED70: GL | EH70: =EM70/(EI70+EJ70) -> 8.8362498 | EI70: 0.22 | EJ70: =(0.4*(2*CC70+CB70)+0.9*CB70)/(2*(CB70+CC70)) -> 0.50793103 | EL70: 2 | EM70: =CF83-DP70-EX70 -> 6.4321804 | EN70: 8 | ES70: =EX70/(2*EU70+ET70) -> 5.0659615 | ET70: 0.24 | EU70: 0.28 | EW70: 3w | EX70: =13.64*25/84.14 -> 4.0527692 | EY70: =+FE70+1 -> 3 | EZ70: 1.9 | FA70: 2.4 | FB70: 0.3 | FC70: 0.4 | FD70: =EZ70*FA70 -> 4.56 | FE70: 2 | FF70: 0.8 | FG70: Left
C71: R120_25% | D71: =CONCATENATE("SeifBois_","B27_",C71) -> SeifBois_B27_R120_25% | E71: 450 | H71: =CB71*CC71 -> 51.5824 | I71: =2*H71+2*(CB71+CC71)*CD71 -> 200.0248 | J71: =CQ71/I71 -> 0.12105999 | K71: C;B;Co | L71: =CQ71/(2*(CB71+CC71)*CD71) -> 0.25 | M71: =CQ71/(2*(CB71+CC71)*CD71-X71) -> 0.29111565 | N71: =CQ71/H71 -> 0.46944307 | O71: =DC71/(2*(CB71+CC71)*CD71-X71) -> 0 | P71: =DP71/H71 -> 0.26617704 | Q71: =EB71/H71 -> 0 | R71: =EM71/(EH71*2*(EI71+EJ71)) -> 0.5 | S71: =EX71/(ES71*2*(ET71+EU71)) -> 0.76923077 | V71: N | W71: =(FA71*(FE71+1)*FD71+FI71*(FM71+1)*FL71+FQ71*(FU71+1)*FT71+FY71*(GC71+1)*GB71+GG71*(GK71+1)*GJ71+GO71*(GS71+1)*GR71+GW71*(HA71+1)*GZ71+HE71*(HI71+1)*HH71+HM71*(HQ71+1)*HP71+HU71*(HY71+1)*HX71)/X71 -> 2.4 | X71: =(FE71+1)*FD71+(FM71+1)*FL71+(FU71+1)*FT71+(GC71+1)*GB71+(GK71+1)*GJ71+(GS71+1)*GR71+(HA71+1)*GZ71+(HI71+1)*HH71+(HQ71+1)*HP71+(HY71+1)*HX71 -> 13.68 | Y71: =X71*SQRT(W71)/I71 -> 0.10595169 | AM71: 720 | AW71: ' | AX71: 240 | BR71: 4, 8, 12 | BS71: Left | BT71: Front | CB71: 6.26 | CC71: =CC70 -> 8.24 | CD71: =CD70 -> 3.34 | CP71: 20 | CQ71: =DC71+DP71+IF(ISNUMBER(EB71),EB71,0)+EM71+EX71 -> 24.215 | CR71: SIPOREX | CS71: 200 | DB71: =2*(CB71+CC71)*CD71-X71 -> 83.18 | DD71: CLT | DE71: 300 | DK71: Plicroisé® Belliard constuction - MUF | DO71: =CB71*CC71 -> 51.5824 | DP71: =DP70 -> 13.73005 | DQ71: Gypsum Board, Type X (5/8 in) | DR71: 12.7 | DS71: GlassFibre 1 | DT71: 200 | DU71: concrete | DV71: 100 | EA71: =CB71*CC71 -> 51.5824 | EC71: 4 | ED71: GL | EH71: =EM71/(EI71+EJ71) -> 8.8362498 | EI71: 0.22 | EJ71: =(0.4*(2*CC71+CB71)+0.9*CB71)/(2*(CB71+CC71)) -> 0.50793103 | EL71: 2 | EM71: =EM70 -> 6.4321804 | EN71: 8 | ES71: =EX71/(2*EU71+ET71) -> 5.0659615 | ET71: 0.24 | EU71: 0.28 | EW71: 3w | EX71: =13.64*25/84.14 -> 4.0527692 | EY71: =+FE71+1 -> 3 | EZ71: 1.9 | FA71: 2.4 | FB71: 0.3 | FC71: 0.4 | FD71: =EZ71*FA71 -> 4.56 | FE71: 2 | FF71: 0.8 | FG71: Left
C72: R30_25% | D72: =CONCATENATE("SeifBois_","H27_",C72) -> SeifBois_H27_R30_25% | E72: 780 | H72: =CB72*CC72 -> 53.9864 | I72: =2*H72+2*(CB72+CC72)*CD72 -> 187.3528 | J72: =CQ72/I72 -> 0.10592317 | K72: C;B;Co | L72: =CQ72/(2*(CB72+CC72)*CD72) -> 0.25000003 | M72: =CQ72/(2*(CB72+CC72)*CD72-X72) -> 0.28603348 | N72: =CQ72/H72 -> 0.36759263 | O72: =DC72/(2*(CB72+CC72)*CD72-X72) -> 0.17650158 | P72: =DP72/H72 -> 0 | Q72: =EB72/H72 -> 0 | R72: =EM72/(EH72*2*(EI72+EJ72)) -> 0.7962963 | S72: =EX72/(ES72*2*(ET72+EU72)) -> 1 | V72: N | W72: =(FA72*(FE72+1)*FD72+FI72*(FM72+1)*FL72+FQ72*(FU72+1)*FT72+FY72*(GC72+1)*GB72+GG72*(GK72+1)*GJ72+GO72*(GS72+1)*GR72+GW72*(HA72+1)*GZ72+HE72*(HI72+1)*HH72+HM72*(HQ72+1)*HP72+HU72*(HY72+1)*HX72)/X72 -> 1.9864 | X72: =(FE72+1)*FD72+(FM72+1)*FL72+(FU72+1)*FT72+(GC72+1)*GB72+(GK72+1)*GJ72+(GS72+1)*GR72+(HA72+1)*GZ72+(HI72+1)*HH72+(HQ72+1)*HP72+(HY72+1)*HX72 -> 10 | Y72: =X72*SQRT(W72)/I72 -> 0.0752269 | AM72: 540 | AS72: 112 | AU72: 82.8 | AW72: ' | AX72: 240 | BR72: 4, 8, 12 | BS72: Left | BT72: Front | CB72: 7.54 | CC72: 7.16 | CD72: 2.7 | CP72: 20 | CQ72: =DC72+DP72+IF(ISNUMBER(EB72),EB72,0)+EM72+EX72 -> 19.845003 | CR72: CLT | CS72: 120 | DB72: =2*(CB72+CC72)*CD72-X72 -> 69.38 | DC72: =27.494*25/56.13 -> 12.24568 | DD72: Gypsum Board, Type X (5/8 in) | DE72: =2*25 -> 50 | DF72: CLT | DG72: 220 | DK72: Plicroisé® Belliard constuction - MUF | DO72: =CB72*CC72 -> 53.9864 | DQ72: Gypsum Board, Type X (5/8 in) | DR72: 12.7 | DS72: GlassFibre 1 | DT72: 200 | DU72: concrete | DV72: 100 | EA72: =CB72*CC72 -> 53.9864 | EC72: 8 | ED72: GL | EH72: =EM72/(EI72+2*EJ72) -> 3.6066606 | EI72: 0.22 | EJ72: 0.32 | EL72: 3w | EM72: =6.964*25/56.13 -> 3.1017281 | EN72: 7 | ES72: =EX72/(2*(ET72+EU72)) -> 4.6849947 | ET72: 0.24 | EU72: 0.24 | EW72: 4 | EX72: =10.098*25/56.13 -> 4.4975949 | EY72: 3 | EZ72: 1.4 | FA72: 1.6 | FB72: 0.7 | FC72: 1.5 | FD72: =EZ72*FA72 -> 2.24 | FE72: 1 | FF72: 2.4 | FG72: Rear | FH72: 2.4 | FI72: 2.3 | FJ72: 0 | FK72: 0.6 | FL72: =FH72*FI72 -> 5.52 | FO72: Left
